main-forum	deft-forum	2014	0000	3	How about some testimonies from real health experts?	Also, who's to say there aren't testimonies from "real" health experts on there?
main-forum	deft-forum	2014	0001	0.8	"Then the captain was gone.	Then the captain came back.
main-forum	deft-forum	2014	0002	3.8	The problem is simpler than that.	The problem is simple.
main-forum	deft-forum	2014	0003	1	NEGATIVE RECONNAISSANCE REQUIREMENTS.	PACIFIC REQUIREMENTS .
main-forum	deft-forum	2014	0004	0.4	So, I am dropping, for now, asking you the question: " Where ' s the Marx " ?	I am moving on to ask you the question: " Where ' s the beef " ?
main-forum	deft-forum	2014	0005	4.6	go figure You're asking me to prove a negative?	You're asking me to prove a negative?
main-forum	deft-forum	2014	0006	5	I am OK with MEDICAL use!	I AM OK WITH MEDICAL USE!!
main-forum	deft-forum	2014	0007	2	The prices for everything you need have gone up due to inflation.	The prices of everything you own IE assets have gone down.
main-forum	deft-forum	2014	0008	5	War in the middle east.	A WAR in the middle east.
main-forum	deft-forum	2014	0009	0.6	Originally Posted by Vienna How was it authoritarian?	Originally Posted by zaf I give up.
main-forum	deft-forum	2014	0010	1	Imagine a place that's % white and % black.	Imagine a place with % men and % women.
main-forum	deft-forum	2014	0011	5	There's no chance of a fair trial.	there is no chance at a fair trial.
main-forum	deft-forum	2014	0012	3.6	Nirvana is very different than oblivion.	Nirvana is NOT oblivion.
main-forum	deft-forum	2014	0013	4	We in Britain think differently to Americans.	Originally Posted by zaf We in Britain think differently to Americans.
main-forum	deft-forum	2014	0014	3.1	If you answer yes to  and no to  you are probably straight.	If you answer no to  but yes to  then you are probably straight.
main-forum	deft-forum	2014	0015	2.2	The whole earth combined produces enough food for  billion people.	Who does it now only produce enough for  billion?
main-forum	deft-forum	2014	0016	3.2	BTW he had appropriate deferments for the time.	Appropriate deferments for the time, eh?
main-forum	deft-forum	2014	0017	4.4	Hey, Blue-Eyes, How's things in London?	**smooches Ran** Hey, Blue-Eyes, How's things in London?
main-forum	deft-forum	2014	0018	2.2	but in the news broadcasts i have seen they did call him white.	but it seems it would have less "impact" if they didn't call him white.
main-forum	deft-forum	2014	0019	2.4	According to the girlfriend and Zimmerman, he did.	According to Zimmerman he did.
main-forum	deft-forum	2014	0020	2.8	My parents have told me it is bad for you.	My teachers have told me it is bad for you.
main-forum	deft-forum	2014	0021	4.6	.Nazi is a slang term for the NSWP.	Originally Posted by Odins eye .Nazi is a slang term for the NSWP.
main-forum	deft-forum	2014	0022	1	I oppose the death penalty.	This is why I support the death penalty.
main-forum	deft-forum	2014	0023	2.2	Well, whatever, you are now.	Well, whatever, you're aware of it now.
main-forum	deft-forum	2014	0024	2.2	They produce nothing I can eat, wear, live in.	Think about all the things you can't "eat, wear, or live in".
main-forum	deft-forum	2014	0025	3.8	DICKSHOT Matt Holliday owns.	Matt Holliday owns, y'all.
main-forum	deft-forum	2014	0026	2.8	People exploited the laws.	People bent the laws.
main-forum	deft-forum	2014	0027	2.2	Funny, I thought the same thing about some math.	And here I thought I knew me some math.
main-forum	deft-forum	2014	0028	2.6	I have  years of "Neener Neener" rights I use lettuce too.	I have  years of "Neener Neener" rights Hi Wiggies!
main-forum	deft-forum	2014	0029	3	I don't prefix or suffix everything with "you hate Jews."	You should stop prefixing or suffixing everything with you hate Jews.
main-forum	deft-forum	2014	0030	4.8	I wood have asked her if she is up for a treesome.	I wood have at least asked if a threesome was out of the question.
main-forum	deft-forum	2014	0031	1.4	It still makes no sense.	It's you who makes no sense.
main-forum	deft-forum	2014	0032	1.2	More expensive homes.	More expensive cars.
main-forum	deft-forum	2014	0033	0.8	Martin said, "Why are you following me?"	Zimmerman replied, "What are you doing here?"
main-forum	deft-forum	2014	0034	2	ALTHOUGH SATELLITE INTENSITY ESTIMATES FROM TAFB AND SAB ARE ONLY T./	SUBJECTIVE DVORAK INTENSITY ESTIMATES FROM TAFB AND SAB INCREASED TO  KT.
main-forum	deft-forum	2014	0035	1.2	"Fairies don't exist" - fine.	"Satyrs don't exist" - fine.
main-forum	deft-forum	2014	0036	2.8	You wanna know what I find curious?	That's what I find curious.
main-forum	deft-forum	2014	0037	2.6	When did I compare homo sexuaity with a developmental disorder?	I compared homo phobia with a developmental disorder.
main-forum	deft-forum	2014	0038	2.6	If you asked , conservatives, the numbers will be skewed to the right.	If you asked , progressives, the numbers would be skewed to the left.
main-forum	deft-forum	2014	0039	0.8	You didn't mention PFA before that one post.	I didn't mention restraining order either.
main-forum	deft-forum	2014	0040	2.4	Ramblin' Rose by Nat King Cole We are all vessels filled with many wonders.	Eye of the Tiger We are all vessels filled with many wonders.
main-forum	deft-forum	2014	0041	3	from the year prior.	 warmed.C from the year prior.
main-forum	deft-forum	2014	0042	1	Still love this show.	Holy poo poo, this show.
main-forum	deft-forum	2014	0043	3.2	their vast properties are protected by the govt.	their great wealth is protected by the govt.
main-forum	deft-forum	2014	0044	4.6	Fundimental difference, please?	Fundamental difference?
main-forum	deft-forum	2014	0045	1.4	How exactly is Germany being 'punished' for the stupidity of WW?	How exactly are they being punished?
main-forum	deft-forum	2014	0046	3	Z stalked him down, then shot him.	You claimed Zimmerman " Stalked him down, then shot him ".
main-forum	deft-forum	2014	0047	5	I'm not outraged, I'm disappointed.	God bless I'm not outraged, I'm disappointed.
main-forum	deft-forum	2014	0048	0.8	We never got out of it in the first place!	Where does the money come from in the first place?
main-forum	deft-forum	2014	0049	2.11111111111111	Freedom of speech has consequences!	If freedom of speech has consequences then it is not free.
main-forum	deft-forum	2014	0050	2.8	My parents have told me it is bad for you.	My teachers have told me it is bad for you.
main-forum	deft-forum	2014	0051	2	if you could kill one person to save four, would you?	As to would I kill  person to save , I have no idea.
main-forum	deft-forum	2014	0052	1.1	It's not imposing morals.	It's imposing a law.
main-forum	deft-forum	2014	0053	5	It depends how you define extreme.	Depends on how you define "extreme".
main-forum	deft-forum	2014	0054	1.2	At least Mexico had a presence in California.	Mexico has ZERO claim to California.
main-forum	deft-forum	2014	0055	3	So YES, we DO read the bible to learn about Christianity.	personally i would read the bible to learn about christianity.
main-forum	deft-forum	2014	0056	4.5	Ah ha, ha, ha, ha, ha!	Ha, ha, ha, ha, ha, ha!
main-forum	deft-forum	2014	0057	3.4	And that's why you're yelling at me and refusing to answer my questions?	Still refusing to answer my questions?
main-forum	deft-forum	2014	0058	3.8	You have too much regulation, not too little.	You have to much intervention in free markets, not too little.
main-forum	deft-forum	2014	0059	4	The Human Element You could sign Lance Berkman at the end of the year I guess?	You could sign Lance Berkman at the end of the year I guess?
main-forum	deft-forum	2014	0060	2.6	Why was the Book of Thomas left out of the canon?	Why would the addition of more of Jesus words be left out of the canon?
main-forum	deft-forum	2014	0061	1.8	You mean, you believe the word of the Mainstream Media?	You mean, you believe the word of the SpringHallConvert?
main-forum	deft-forum	2014	0062	2.4	We are meant to explore.	We are meant to move.
main-forum	deft-forum	2014	0063	3.4	Israel doesn't give a ****, accept it.	That Israel doesn't giva a **** what anybody else thinks.
main-forum	deft-forum	2014	0064	3.4	We are all vessels filled with many wonders.	I Want to Rock and Roll by Kiss We are all vessels filled with many wonders.
main-forum	deft-forum	2014	0065	3.6	Slutstamp! A dear friend from Ohio sent me this.	A dear friend from Ohio sent me this.
main-forum	deft-forum	2014	0066	1.6	And yet, the Titanic story is the one that holds up to scrutiny of the evidence.	The new study shows that the Titanic story does not stand up to scrutiny imo.
main-forum	deft-forum	2014	0067	3.2	Can he really make mone from google ad sense.	Who makes money off google ad sense?
main-forum	deft-forum	2014	0068	4.6	They know that the video doesn't show a gas chamber.	The bottom line is that the video clip doesn't show a gas chamber.
main-forum	deft-forum	2014	0069	4.4	Warm , maybe record.	Warmer , almost certainly a record.
main-forum	deft-forum	2014	0070	2.2	"Bright but scatterbrained" becomes "treat with drugs".	"Opinionated and stubborn" becomes treat with drugs".
main-forum	deft-forum	2014	0071	1.2	What is your definition of "life"?	What's your definition of nature?
main-forum	deft-forum	2014	0072	2.2	Could be a lot of things.	Could be a simple mistake.
main-forum	deft-forum	2014	0073	3.8	No extortion, no bribery, no money involved He's asking for money for his vote.	No extortion, no bribery, no money involved Only class E felonies.
main-forum	deft-forum	2014	0074	4	Dr. Neander's revised version.	Neander's revised version"?
main-forum	deft-forum	2014	0075	2.2	Should I just tell her how I feel?	Should I just wait it out and see how it goes?
main-forum	deft-forum	2014	0076	0.8	I. ATLANTIC REQUIREMENTS .	PACIFIC REQUIREMENTS .
main-forum	deft-forum	2014	0077	2.6	you have no remains of a missile at the pentagon.	you have no witnesses for a missile at the pentagon.
main-forum	deft-forum	2014	0078	2.2	"Jane" wants me to ask the helpful party guest to pay for it.	I can't believe she is asking YOU to ask the helpful party guest for money!
main-forum	deft-forum	2014	0079	1.6	any woman that wants birth control can get it.	Any woman that wants and abortion can get one.
main-forum	deft-forum	2014	0080	2.6	Is it legal to grow?	Yes, it's legal to grow.
main-forum	deft-forum	2014	0081	1.8	pressing one does not "do" english.	Pressing one does send a tone.
main-forum	deft-forum	2014	0082	2.8	What's my opinion regarding the series?	What was my opinion of Firefly in the interim?
main-forum	deft-forum	2014	0083	3.6	We are all vessels filled with many wonders.	Chuck Close We are all vessels filled with many wonders.
main-forum	deft-forum	2014	0084	2	Does he have supporters?	He definently has supporters.
main-forum	deft-forum	2014	0085	2.2	but okay, ultimate sovereignty?	Thus, ultimate sovereignty.
main-forum	deft-forum	2014	0086	4.8	that is not an answer.	no, it's not an answer.
main-forum	deft-forum	2014	0087	2.2	The Nazis increases the longevity of a handgun permit from  to  years.	The Nazis lowered the minimum age to buy a firearm from  to .
main-forum	deft-forum	2014	0088	3.6	But we can't do it without help.	We can't do it without you."
main-forum	deft-forum	2014	0089	1.4	No healthy person needs gambling.	No healthy person needs sex.
main-forum	deft-forum	2014	0090	2	I said it wasn't a person, in the legal sense.	If it isn't a person, then WTF is it?
main-forum	deft-forum	2014	0091	1.8	Do you see Obama calling for regulation reform?	Do you see Obama calling for Cut, Cap and Balance?
main-forum	deft-forum	2014	0092	3	"Leprechauns don't exist" - fine.	"Elves don't exist" - fine.
main-forum	deft-forum	2014	0093	2	Got some Heine and coors light i started it last night xanis.	i started it last night xanis.
main-forum	deft-forum	2014	0094	4.2	Iran is also a signed of the NPT and the IAEA.	Gotta love the EK factoid that "Iran is also a signed of the NPT and the IAEA.
main-forum	deft-forum	2014	0095	2	"Gorgons don't exist" - fine.	"Satyrs don't exist" - fine.
main-forum	deft-forum	2014	0096	3	Best way to get money out is to get rid of lobby, all of it.	Best way to turn it on its head is to get money out.
main-forum	deft-forum	2014	0097	3.4	I have  years of "Neener Neener" rights Usually I get pretty decent care.	I have  years of "Neener Neener" rights they are crack ups.
main-forum	deft-forum	2014	0098	3.6	Dutchy Has anyone heard from Dutchy?	@NickFun, Has anyone heard from Dutchy?
main-forum	deft-forum	2014	0099	3.6	Commodity Expanded Value-Form, .	Elementary Commodity-Capital Value-Form .
main-forum	deft-forum	2014	0100	1.4	You are a Christian.	Therefore you are not a Christian.
main-forum	deft-forum	2014	0101	4	And the simple fact today?	I repeat: And the simple fact today?
main-forum	deft-forum	2014	0102	2	Morals have absolutely nothing to do with it !	and morals and honesty have everything to do with it.
main-forum	deft-forum	2014	0103	1.8	"Oh, you're such a good person!	You're such a bad person!"
main-forum	deft-forum	2014	0104	3.6	Fern I think stories like this are stupid.	- wolf I think stories like this are stupid.
main-forum	deft-forum	2014	0105	3.4	CYCLONE FORMATION IS NOT EXPECTED DURING THE NEXT  HOURS.	TROPICAL CYCLONE FORMATION IS NOT EXPECTED.
main-forum	deft-forum	2014	0106	1.2	Do you not understand what that string of words means?	Do you not understand what the word 'led' implies?
main-forum	deft-forum	2014	0107	1.2	There is no freedom of religion.	There is no freedom of speech.
main-forum	deft-forum	2014	0108	2.4	Originally Posted by SolInvictus The messahe of all the scriptures is oneness.	Originally Posted by SolInvictus Ah.
main-forum	deft-forum	2014	0109	3	How long after the obliteration should the kid return to school?	How long after the obliteration should it no longer bother the kid?
main-forum	deft-forum	2014	0110	3.4	A man and a woman are different yes.	Men and women are different yes?
main-forum	deft-forum	2014	0111	2.2	Double Jeopardy actually enforces a jury nullification.	As far as legality goes I can use jury nullification.
main-forum	deft-forum	2014	0112	1	Facilitator : Show me the smart child.	Facilitator : And why is she the dumb child?
main-forum	deft-forum	2014	0113	3.2	religious fiction Isn't that redundant and repetetive?	Isn't that redundant and repetetive?
main-forum	deft-forum	2014	0114	0	Originally Posted by anabelle What's wrong with that?	Originally Posted by Vienna To 'say' what?
main-forum	deft-forum	2014	0115	1.6	Cracklin' Rosie by Neil Diamond We are all vessels filled with many wonders.	Jingle Bell Rock by Bobby Helm We are all vessels filled with many wonders.
main-forum	deft-forum	2014	0116	1.6	Some people have complete confidence in the people running these institutions.	Other people have no confidence at all in teh people running these institutions.
main-forum	deft-forum	2014	0117	2.2	loose change started out as a work of fiction.	It finished as a work of fiction.
main-forum	deft-forum	2014	0118	3	If it wasn't a life, then it would not be able to be born.	If it wasn't alive, then it would miscarriage on it's own.
main-forum	deft-forum	2014	0119	2.4	GL, Terral That is absolutely amazing.	Hi Ollie: That is absolutely amazing.
main-forum	deft-forum	2014	0120	3.77777777777778	lets assume we have % white and % black.	Imagine a place that's % white and % black.
main-forum	deft-forum	2014	0121	2.11111111111111	Freedom of speech has consequences!	If freedom of speech has consequences then it is not free.
main-forum	deft-forum	2014	0122	1	"Fairies don't exist" - fine.	"Leprechauns don't exist" - fine.
main-forum	deft-forum	2014	0123	3.2	If so, state that is why they're not true.	Please, what about them are not true.
main-forum	deft-forum	2014	0124	2.8	-Not- talking about it 'and' -Not- doing anything.	is even worse than talking about it and not doing anything.
main-forum	deft-forum	2014	0125	1.4	"Being against nukes" does not mean "not wanting to use nukes".	"Being against using nukes" means "not wanting to use nukes".
main-forum	deft-forum	2014	0126	1.4	My niece is married to a black man.	My great niece is half black.
main-forum	deft-forum	2014	0127	1	The UK population is just over  million.	The Japanese population is nearly  million.
main-forum	deft-forum	2014	0128	3.4	I Shot the Sheriff We are all vessels filled with many wonders.	We are all vessels filled with many wonders.
main-forum	deft-forum	2014	0129	2	I hope this is nothing.	I hope everything is ok!
main-forum	deft-forum	2014	0130	4.2	The money I spent adopting Velociraptor.	Those may be my top . The money I spent adopting Velociraptor.
main-forum	deft-forum	2014	0131	4.2	So, you actually believe every word of what Terral wrote?	GL, Terral Hi Corn: So, you actually believe every word of what Terral wrote?
main-forum	deft-forum	2014	0132	1.6	What isn't how what was sold?	It's not how it was sold, gb.
main-forum	deft-forum	2014	0133	4.4	I know I'd hate to be him.	I'd hate to be him too.
main-forum	deft-forum	2014	0134	4.6	there were no weapons.	Of course there were no weapons.
main-forum	deft-forum	2014	0135	3	It's so stupid that it just has to be true.	It's amusing to think it even might be true.
main-forum	deft-forum	2014	0136	4.4	Personal responsibility much?	Again, personal responsibility.
main-forum	deft-forum	2014	0137	4.57142857142857	Do you notice the nonsensical things you are saying?	And to be fair, do you notice the nonsensical things you are saying?
main-forum	deft-forum	2014	0138	2.6	I guess I pulled it out of the census's rear end in a top hat.	Does the census have an rear end in a top hat?
main-forum	deft-forum	2014	0139	4.4	How is this slanted against Bush??	Where is the slant against Bush?
main-forum	deft-forum	2014	0140	4.8	If it wasn't bollocks it wouldn't be homeopathy.	That's simple logic If it wasn't bollocks it wouldn't be homeopathy.
main-forum	deft-forum	2014	0141	0.4	I've never accused him of over-milligraming, nothing.	I've never accused him of doctoring a baseball.
main-forum	deft-forum	2014	0142	3.8	The bailout was bigger than TARP Bloomberg news.	The bailout was bigger than TARP This title is misleading.
main-forum	deft-forum	2014	0143	2	My parents have told me it is bad for you.	officers have told me its bad for you.
main-forum	deft-forum	2014	0144	1	His position is that it is the individual's risk to assume.	His position is the way it is currently.
main-forum	deft-forum	2014	0145	0.8	I. ATLANTIC REQUIREMENTS .	PACIFIC REQUIREMENTS .
main-forum	deft-forum	2014	0146	4.8	Read More: You have never met anyone that is Pro-Abortion?	You have never met anyone that is Pro-Abortion?
main-forum	deft-forum	2014	0147	0.2	I have no problem with those that have money!	I have many problems with these men, way to many to state here!
main-forum	deft-forum	2014	0148	2	Nixon, Ford and Carter shut down the oilfields?	No has has shut down the oil fields.
main-forum	deft-forum	2014	0149	1	i don't want a president who 'cares'.	i don't want a president who is charasmatic.
main-forum	deft-forum	2014	0150	0	It doesn't have to be braindead.	I don't have a proposed model.
main-forum	deft-forum	2014	0151	3.2	no missile evidence.	no missile witnesses.
main-forum	deft-forum	2014	0152	2.2	My teachers have told me it is bad for you.	officers have told me its bad for you.
main-forum	deft-forum	2014	0153	4.2	My gosh, I'm the one with the pregnancy ticker.	I have the pregnancy ticker.
main-forum	deft-forum	2014	0154	1.4	Then he is not omnipotent.	Then he is malevolent.
main-forum	deft-forum	2014	0155	3	tin foil hat for the dog face, what size do u wear?	tin foil hat for the sarg, what size do u wear?
main-forum	deft-forum	2014	0156	4.2	Like this  year old who was shot dead in a marijuana-related crime.	Or the  year old boy shot dead with automatic weapons by marijuana dealers.
main-forum	deft-forum	2014	0157	2.6	If you leap up to make a hit, you're getting a penalty.	If your stick hits a guy in the face, you're getting a penalty.
main-forum	deft-forum	2014	0158	2.4	ALL of the electrical energy comes from the battery.	ALL of the electrical energy ultimately comes from the alternator.
main-forum	deft-forum	2014	0159	2.4	Do you know how many passengers testified or what they said?	How many passengers said they saw an iceberg?
main-forum	deft-forum	2014	0160	1.6	Imagine a place with % men and % women.	Imagine a place that's % white and % black.
main-forum	deft-forum	2014	0161	1.75	Scenario A assumes that the CO growth rate accelerates by .%/yr.	It assumes that methane growth rate accelerates by .%/yr.
main-forum	deft-forum	2014	0162	4.6	They have actually showed a cooling trend since  due to the recent decline.	get a cooling trend from  because of the recent decline.
main-forum	deft-forum	2014	0163	3	We are all vessels filled with many wonders.	Landon Memory from CATS We are all vessels filled with many wonders.
main-forum	deft-forum	2014	0164	4.5	to repeat: They are NOT as sovereign as they were before.	They are NOT as sovereign as they were before.
main-forum	deft-forum	2014	0165	4.25	Out of touch and completely untrustworthy, however, wouldn't.	Out of touch and untrustworthy?
main-forum	deft-forum	2014	0166	3.6	It is mostly just the Dutch.	In fact, it's just the Dutch.
main-forum	deft-forum	2014	0167	4.8	We're talking about angels and common pins again, right?	@Lustig Andrei, We're talking about angels and common pins again, right?
main-forum	deft-forum	2014	0168	2.6	claims about trayvon's character And when did I do that?	slanted blogs And when did I do that?
main-forum	deft-forum	2014	0169	2.6	% How much money does PP take in for abortion services?	How much is spent on abortions services?
main-forum	deft-forum	2014	0170	2.4	Why did that transaction take place.	Did the transaction take place?
main-forum	deft-forum	2014	0171	2.4	There is no more egg cell post-fertilization.	There is no more sperm cell.
main-forum	deft-forum	2014	0172	4	Lacey - welcome back!	Anyway, welcome back.
main-forum	deft-forum	2014	0173	4.4	More factchecking: I don't know why anyone is making a fuss over the $, bet.	I don't know why anyone is making a fuss over the $, bet.
main-forum	deft-forum	2014	0174	2.4	If you haven't made any claims, then just say so.	I haven't made any claims.
main-forum	deft-forum	2014	0175	2.4	No Thatcherite can ever call themselves a libertarian.	Ergo it offends me when Thatcherites call themselves libertarian.
main-forum	deft-forum	2014	0176	2.46666666666667	the problem isn't who has money.	the problem is who doesn't have money.
main-forum	deft-forum	2014	0177	2.8	But do you actually believe there was an iceberg in those waters?	I don't believe there was any iceberg at all anywhere near the Titanic.
main-forum	deft-forum	2014	0178	3	not astros or orioles bad Gameday for the orioles game is frozen for me.	Gameday for the orioles game is frozen for me.
main-forum	deft-forum	2014	0179	2.4	If so, alot of cops should take presciption drugs.	If so, alot of inventors, writers should take prescription drugs..
main-forum	deft-forum	2014	0180	4	Tell us what the charges were.	Yes what are his charges.
main-forum	deft-forum	2014	0181	1.8	Those are partial psychopaths.	Was Ted Bundy a partial psychopath?
main-forum	deft-forum	2014	0182	4.2	those who ignore history are doomed to repeat it.	ooo strike TWO those who ignore history are doomed to repeat it.
main-forum	deft-forum	2014	0183	2.4	this is NOT a war deployment.	its not an official deployment.
main-forum	deft-forum	2014	0184	3.6	Nutrax The plural of anecdote is not data Did gentlemen need chaperones?	Nutrax The plural of anecdote is not data
main-forum	deft-forum	2014	0185	4	Alright just got in.	not well Alright just got in.
main-forum	deft-forum	2014	0186	3	h and i both read the books and thought the movie moved so quickly.	I haven't read the books, but I saw the movie today.
main-forum	deft-forum	2014	0187	2.4	That's not the Moloch scene, though.	This is the Moloch scene.
main-forum	deft-forum	2014	0188	4.4	@Lustig Andrei, So Lyndon Johnson and John Kennedy were compatible?	@edgarblythe, So Lyndon Johnson and John Kennedy were compatible?
main-forum	deft-forum	2014	0189	0.6	You need to make up your mind.	You need to polish up on your logic skills.
main-forum	deft-forum	2014	0190	1.4	The one that has  walks home afterwards and goes to sleep.	The one that has three walks home and beats his wife.
main-forum	deft-forum	2014	0191	3.8	- Admin DrPizza and i'd forgotten what a whiny little bed wetter you are.	and i'd forgotten what a whiny little bed wetter you are.
main-forum	deft-forum	2014	0192	4.2	The argument was "Albert Einstein didn't go to college".	OMG, "Einstein didn't go to college."
main-forum	deft-forum	2014	0193	2.4	Capital gains, top rate:  percent.	Income tax, top rate:  percent.
main-forum	deft-forum	2014	0194	1	Bienging is unaccptable.	Being drunk is unacceptable.
main-forum	deft-forum	2014	0195	3.4	He hasn't been funny in years.	He hasn't been funny since Larry Bud Melman was on the show.
main-forum	deft-forum	2014	0196	2.4	If the universe has an explanation of its existence, that explanation is God.	Therefore, the universe has an explanation of its existence.
main-forum	deft-forum	2014	0197	5	What do we get in return for doing the fighting for them?	------ ----------- What do we get in return for doing the fighting for them?
main-forum	deft-forum	2014	0198	1.2	It wouldn't stop joke marriages.	And I don't fight for marriage.
main-forum	deft-forum	2014	0199	2.2	If they were Jews, I would call them Jews.	If they were Catholics, I would call them Catholics.
main-forum	deft-forum	2014	0200	4	She was a great lady.	She was a nice lady.
main-forum	deft-forum	2014	0201	0.8	He's not wealthy because he's successful.	Why hate people because they are successful?
main-forum	deft-forum	2014	0202	1.75	Not as irritated as you.	You seem as irritated as Henry.
main-forum	deft-forum	2014	0203	2.5	It's a common sense/deductive reasoning thing.	Hilited your common sense/deductive reasoning thing.
main-forum	deft-forum	2014	0204	0.8	You already did that - we have a Muslim in office right now.	-CryptoLutheran No. We have a Christian in office right now.
main-forum	deft-forum	2014	0205	3.4	I said she has not ever had to be a part of any workforce.	Ann Romney has never had to get out and be a part of the workforce.
main-forum	deft-forum	2014	0206	3	DreamTech never been ejaculated on as far as I know.	It has never been ejaculated on as far as I know.
main-forum	deft-forum	2014	0207	1.2	I didn't say we had gotten soft since / Rand.	I said YOU had gotten soft.
main-forum	deft-forum	2014	0208	3.8	We all believe that we are getting what we expect.	Most times, % of the time, we are getting what we expect.
main-forum	deft-forum	2014	0209	4.4	Despicable Ben, Stop trying to find excuses for the man.	Ben, Stop trying to find excuses for the man.
main-forum	deft-forum	2014	0210	3.6	Unless it's different in different countries?	So, short form, yes, it probably is different in different countries.
main-forum	deft-forum	2014	0211	2.2	The new study does not support your claim.	The physical evidence does not support your claim.
main-forum	deft-forum	2014	0212	4.6	He said at EVERY level.	But he said EVERY level.
main-forum	deft-forum	2014	0213	2.2	morals do not exist, so technically nothing can be morally wrong.	I ask again if God does not exist can anything be morally wrong?
main-forum	deft-forum	2014	0214	4	I thought that was mostly just the Dutch.	It is mostly just the Dutch.
main-forum	deft-forum	2014	0215	3.2	Toyland by Johnny Mathis We are all vessels filled with many wonders.	Eye of the Tiger We are all vessels filled with many wonders.
main-forum	deft-forum	2014	0216	3.8	Let's let this play out in court.	Nothing is stopping this thing from playing out in court.
main-forum	deft-forum	2014	0217	1.8	Being in a gang isnt a crime.	Commiting a crime in a gang is a crime.
main-forum	deft-forum	2014	0218	4.2	I'd offer Iran a deal.	Chuck I'd offer Iran a deal.
main-forum	deft-forum	2014	0219	1.2	Yes, they are both different.	Opinions are different.
main-forum	deft-forum	2014	0220	1.1	It's not imposing morals.	It's imposing a law.
main-forum	deft-forum	2014	0221	3.8	Has Annie ever used her sexuality like that?	One word: Zombies Has Annie ever used her sexuality like that?
main-forum	deft-forum	2014	0222	2.4	PURE COMMUNISM: You have two cows.	LIBERTARIAN/ANARCHO-CAPITALISM: You have two cows.
main-forum	deft-forum	2014	0223	3.4	You should put scientists on a pedestal.	Why do people like you put scientist on a pedestal?
main-forum	deft-forum	2014	0224	3.6	What are they trying to hide?	I then asked: What are they trying to hide?
main-forum	deft-forum	2014	0225	3	That would make you partially responsible for their death.	That would make you a sort of accessory, I think.
main-forum	deft-forum	2014	0226	0	"Would you like to pay for others health care?"	"Would you like to wear your seatbelt?"
main-forum	deft-forum	2014	0227	4.4	They are NOT as sovereign as they were before.	to repeat: They are NOT as sovereign as they were before.
main-forum	deft-forum	2014	0228	2	I don't see Obama as the lesser of two evils.	I don't see him as evil at all.
main-forum	deft-forum	2014	0229	3.2	Or this one by Jim Croce We are all vessels filled with many wonders.	We are all vessels filled with many wonders.
main-forum	deft-forum	2014	0230	3.4	The point is an unarmed child was murdered.	The point is an unarmed child was murdered who was black.
main-forum	deft-forum	2014	0231	0.9	Zimmerman replied, "What are you doing here?"	Martin said, "Why are you following me?"
main-forum	deft-forum	2014	0232	1.6	Irreligion that does that I have a problem.	Religion that doesn't do that I don't have a problem with.
main-forum	deft-forum	2014	0233	3.2	If I'm angry, it will show up in one of those scans..	If I'm hyper active, it will show up in one of those scans..
main-forum	deft-forum	2014	0234	1.4	If you want to buy $ billion in XYZ Inc. common stock, who cares?	If you want to buy a house or a SUV, again, who cares?
main-forum	deft-forum	2014	0235	1.53333333333333	 billion . Everyone in the world at Mexico's current prosperity level.	Everyone in the world at the current "prosperity" level of Northwest Africa.
main-forum	deft-forum	2014	0236	3.1	If you answer yes to  and no to  you are probably straight.	If you answer no to  but yes to  then you are probably straight.
main-forum	deft-forum	2014	0237	4.2	Sometimes I fantasize about having power.	Sometimes I, too, fantasise about bending people before my demented will.
main-forum	deft-forum	2014	0238	2.8	My parents have told me it is bad for you.	My Sheriff has told me its bad for you.
main-forum	deft-forum	2014	0239	3.6	Atlas Shrugged It's also a stellar performer in terms of blithering idiocy.	It's also a stellar performer in terms of blithering idiocy.
main-forum	deft-forum	2014	0240	2.4	How would Martin not know that that was not the case?	How would Martin or anyone else know his intentions based on his actions?
main-forum	deft-forum	2014	0241	2.4	Regulation get the government into everything.	"Get the government into everything?"
main-forum	deft-forum	2014	0242	2.5	It's a common sense/deductive reasoning thing.	Hilited your common sense/deductive reasoning thing.
main-forum	deft-forum	2014	0243	2.8	Yes, I've assumed that all packaging would be recyclable in my argument.	I've assumed this as well in my argument.
main-forum	deft-forum	2014	0244	3.6	Jury nullification does not mean that a law is unconstuitutional.	Jury nullification means a law isn't Constitutional?
main-forum	deft-forum	2014	0245	2.2	It's just a bunch of cells.	I'm "a bunch of cells."
main-forum	deft-forum	2014	0246	1.6	Mann's work was all about math.	Mann's work and the HS was all about Tree rings.
main-forum	deft-forum	2014	0247	4	I'm so sorry to hear this Kelly.	I'm so sorry, Kelly.
main-forum	deft-forum	2014	0248	3	I don't like flavored beers.	I don't like many flavored drinks.
main-forum	deft-forum	2014	0249	1.6	I hope everything is ok!	I hope your LO is ok.
main-forum	deft-forum	2014	0250	1.6	any woman that wants birth control can get it.	Any woman that wants and abortion can get one.
main-forum	deft-forum	2014	0251	4.6	S As you wish: Do you see Hitler killing Jews?	Do you see Hitler killing Jews?
main-forum	deft-forum	2014	0252	4	And I'm your friend Mitt.	Your good friend Mitt.
main-forum	deft-forum	2014	0253	1.6	It means its AN option.	Doesnt mean its a BAD option.
main-forum	deft-forum	2014	0254	5	I think you need to reread what I wrote.	You need to reread what I wrote.
main-forum	deft-forum	2014	0255	3.77777777777778	lets assume we have % white and % black.	Imagine a place that's % white and % black.
main-forum	deft-forum	2014	0256	1.8	Mom busted in and said, "What's that noise?"	My kids busted in and said 'whats that Dad?'
main-forum	deft-forum	2014	0257	3.6	My best, Kutte My ex-fiance wouldn't use the VA or Navy doctor's.	Jay My ex-fiance wouldn't use the VA or Navy doctor's.
main-forum	deft-forum	2014	0258	2.8	Holder filed a three-page letter.	The Judges orders a three-page letter to be filed.
main-forum	deft-forum	2014	0259	2.2	@Lustig Andrei, Lustig, agreed.	@Lustig Andrei, Thank you, Lustig.
main-forum	deft-forum	2014	0260	4.8	This eclipses the old record of  set in .	This breaks the daily record of  set in .
main-forum	deft-forum	2014	0261	0.9	Zimmerman replied, "What are you doing here?"	Martin said, "Why are you following me?"
main-forum	deft-forum	2014	0262	1.6	I don't know how legitimate this is, but I heard he's kind of suicidal.	So, I don't know how legitimate this is but yeah.
main-forum	deft-forum	2014	0263	4.8	council tax Hasn't council tax been frozen for most people?	Hasn't council tax been frozen for most people?
main-forum	deft-forum	2014	0264	0.4	Your schtick is getting stale.	Your misogyny is getting messy.
main-forum	deft-forum	2014	0265	1.6	Is that how it works?	Nah, that's not how it works.
main-forum	deft-forum	2014	0266	4.4	Breathe In, Breathe Out, Move On.	buwhahahaha Breathe In, Breathe Out, Move On.
main-forum	deft-forum	2014	0267	3.8	wait until they become more consistent and closer together.	wait for the contractions to get stronger and closer together.
main-forum	deft-forum	2014	0268	4.8	Obama is extreme and leftwing.	Obama is part of the extreme leftwing.
main-forum	deft-forum	2014	0269	2.5	@Frank Apisa, What you want to call it is up to you.	@Cyracuz, What you want to call it is up to you.
main-forum	deft-forum	2014	0270	2.6	Jury nullification has NOTHING to do with the Constitutionality of laws.	Jury nullification means a law isn't Constitutional?
main-forum	deft-forum	2014	0271	4.4	What conviction where you talking about before?	What conviction would that be?
main-forum	deft-forum	2014	0272	4.6	So I actually read the OP and guess what I found out.	Furthermore I found this: So I actually read the OP and guess what I found out.
main-forum	deft-forum	2014	0273	3.6	The government does not determine if you are married or not.	The government doesnt have to declare you married before you can be married.
main-forum	deft-forum	2014	0274	1.8	Democracy is a threat to liberty.	Democracy has nothing to do with liberty.
main-forum	deft-forum	2014	0275	4	Hi Pro and Corn: How many threads do you plan on making?	How many threads do you plan on making?
main-forum	deft-forum	2014	0276	4	Tell me exactly which system isn't working right now?	So which system isn't working for us?
main-forum	deft-forum	2014	0277	4	Oh, and again asserts that marriage is a fundamental human right.	Particularly after stating that marriage is a fundamental human right.
main-forum	deft-forum	2014	0278	4.2	Why are Russians in Damascus?	Russians in Damascus!
main-forum	deft-forum	2014	0279	1.8	Yes, it's about dilution.	Er, that's not how dilution works.
main-forum	deft-forum	2014	0280	3.8	Yeah, I don't think this is that controversial either.	I don't think what she's saying is that controversial.
main-forum	deft-forum	2014	0281	4	Operation Chaos is merely people voting.	Chaos is merely people voting.
main-forum	deft-forum	2014	0282	1.2	Originally Posted by JonD Doubtful.	Originally Posted by eleanor.ellis
main-forum	deft-forum	2014	0283	3	Classical Gas We are all vessels filled with many wonders.	The theme song to Cheers: We are all vessels filled with many wonders.
main-forum	deft-forum	2014	0284	4.5	to repeat: They are NOT as sovereign as they were before.	They are NOT as sovereign as they were before.
main-forum	deft-forum	2014	0285	2	Morals have absolutely nothing to do with it !	and morals and honesty have everything to do with it.
main-forum	deft-forum	2014	0286	3	i be having conversations will cornell west My dear brother.	i be having conversations will cornell west What the hell is this?
main-forum	deft-forum	2014	0287	4.6	There is no war in the Middle east.	There is no "WAR" in the middle east.
main-forum	deft-forum	2014	0288	2.4	He had no intention of apprehending him.	- I didnt say he planned on apprehending him.
main-forum	deft-forum	2014	0289	3.6	We are all vessels filled with many wonders.	Put a Little Love in your Heart We are all vessels filled with many wonders.
main-forum	deft-forum	2014	0290	2.4	You're "a bunch of cells."	I'm "a bunch of cells."
main-forum	deft-forum	2014	0291	1.4	What is a girl douche?	You are a girl douche.
main-forum	deft-forum	2014	0292	2	Jury nullification means a law isn't Constitutional?	No. Jury nullification does not mean that a law is unconstuitutional.
main-forum	deft-forum	2014	0293	4	It's definitely NOT what it used to be.	voted Voted It's definitely NOT what it used to be.
main-forum	deft-forum	2014	0294	3.4	The onus is on the manufacturer of a product to convince consumers it is safe.	The manufacturer has to convince the government it's safe.
main-forum	deft-forum	2014	0295	0.8	I think you are missing the point with entrepreneurs.	Again I think you are missing the point on the Twain quote.
main-forum	deft-forum	2014	0296	1.6	"Cyclopes don't exist" - fine.	"Goblins don't exist" - fine.
main-forum	deft-forum	2014	0297	1.6	"In  it was a mental illness, now what are they teaching you?"	He stated that it was a mental illness in , how is that bigotry?
main-forum	deft-forum	2014	0298	1.8	Landon And So This is Christmas We are all vessels filled with many wonders.	Play With Fire We are all vessels filled with many wonders.
main-forum	deft-forum	2014	0299	1.8	Bush gets zero credit for the budget under him.	And, Obama gets zero credit for the budget under him.
main-forum	deft-forum	2014	0300	1.8	. Sinful people do not get to heaven.	Or sin is removed upon entry to heaven.
main-forum	deft-forum	2014	0301	3	How long after the obliteration should the kid return to school?	How long after the obliteration should it no longer bother the kid?
main-forum	deft-forum	2014	0302	3.8	Holly Holy We are all vessels filled with many wonders.	Say What You Will We are all vessels filled with many wonders.
main-forum	deft-forum	2014	0303	1.2	What was the "answer" in Chicago?	What will be the response in California?
main-forum	deft-forum	2014	0304	4.2	The entire thing just makes no sense.	See that makes no sense.
main-forum	deft-forum	2014	0305	4.8	Who supposedly operated the homicidal gas chambers?	Refresh your memory: Who supposedly operated the homicidal gas chambers?
main-forum	deft-forum	2014	0306	3.6	Therefore, the explanation of the existence of the universe is God.	If the universe has an explanation of its existence, that explanation is God.
main-forum	deft-forum	2014	0307	1.4	Genetic predisposition to cancer resistance is superior genetics.	Genetic predisposition to Alzheimer is inferior genetics.
main-forum	deft-forum	2014	0308	4.57142857142857	Do you notice the nonsensical things you are saying?	And to be fair, do you notice the nonsensical things you are saying?
main-forum	deft-forum	2014	0309	1.2	Use of force in defense of person.-A	Use of force by aggressor.
main-forum	deft-forum	2014	0310	3.6	That's what the data available shows.	That's what the historical record shows.
main-forum	deft-forum	2014	0311	3	Joy to the World We are all vessels filled with many wonders.	The theme song to Cheers: We are all vessels filled with many wonders.
main-forum	deft-forum	2014	0312	2.6	I thought that was mostly just the Dutch.	In fact, it's just the Dutch.
main-forum	deft-forum	2014	0313	2.2	Ive watched kids play.	I like watching kids play.
main-forum	deft-forum	2014	0314	4.8	David @OmSigDAVID, I think Santorum's more likely than Gingrich.	@sozobe, I think Santorum's more likely than Gingrich.
main-forum	deft-forum	2014	0315	2.8	They're looking at each other!	Why are they looking at each other like that ?!?!
main-forum	deft-forum	2014	0316	2.6	Are you driving one?	Are you driving a fucking Volt?
main-forum	deft-forum	2014	0317	1.4	Religion that does that I have a problem with.	Irreligion that doesn't do that I don't have a problem with.
main-forum	deft-forum	2014	0318	1.6	I think he'd be better for American business interests overall.	Would he be better for American society?
main-forum	deft-forum	2014	0319	4.4	not a constitutional issue.	again, this is not a constitutional issue.
main-forum	deft-forum	2014	0320	4.2	YOU FOOLS..bought the  cover-up..hook..	Hi Eots: YOU FOOLS..bought the  cover-up..hook..
main-forum	deft-forum	2014	0321	1.6	"What does pressing the number one do?"	"Pressing the number one does English."
main-forum	deft-forum	2014	0322	4.4	What conviction would that be?	What conviction where you talking about before?
main-forum	deft-forum	2014	0323	3.8	Originally Posted by spikdboy Not wishful thinking, rather realistic.	Originally Posted by objectivism Not wishful thinking, rather realistic.
main-forum	deft-forum	2014	0324	3.4	For the trillionth time, I've never said rehabilitation doesn't work.	The point you quote should say "I never said rehabilitation could never work."
main-forum	deft-forum	2014	0325	3	Charlie Rangel Censured Did anyone see the footage of this?	Did anyone see the footage of this?
main-forum	deft-forum	2014	0326	2	Red October standing by.	Red Fox standing by.
main-forum	deft-forum	2014	0327	3.2	That's just not how legal briefs are written.	That just isn't how legal reasoning works.
main-forum	deft-forum	2014	0328	3	No, none of those factors account for the recent warming.	You don't know if those factors account for the warming, or not.
main-forum	deft-forum	2014	0329	3.4	Stone notified Captain Lord.	He too notified Captain Lord.
main-forum	deft-forum	2014	0330	2.2	The primary focus of Systematic Dialectics is syn chronic, not dia chronic.	Thus, Meta - System - atic Dialectic is Diachronico - Synchronic Dialectic.
main-forum	deft-forum	2014	0331	2.6	Are you driving one?	Are you driving a fucking Volt?
main-forum	deft-forum	2014	0332	0.8	And that is happening in GOP controlled states.	Michigan IS a GOP controlled state.
main-forum	deft-forum	2014	0333	4.2	in  Foxe basin was frozen.	 Foxe was mostly frozen.
main-forum	deft-forum	2014	0334	4.2	@Frank Apisa, Frank, I observe and perceive.	@cicerone imposter, Frank, I observe and perceive.
main-forum	deft-forum	2014	0335	1.2	Government deciding what pregnancies need to be carried to term, that's fine.	Government spying on its own citizens, that's fine.
main-forum	deft-forum	2014	0336	2.8	Put a Little Love in your Heart We are all vessels filled with many wonders.	Landon And So This is Christmas We are all vessels filled with many wonders.
main-forum	deft-forum	2014	0337	1	Higher than  per cent but not very high.	Lower than  per cent but not very low.
main-forum	deft-forum	2014	0338	1.6	What isn't how what was sold?	It's not how it was sold, gb.
main-forum	deft-forum	2014	0339	2.6	God definately does not exist.	God probably does not exist.
main-forum	deft-forum	2014	0340	4.4	Breathe In, Breathe Out, Move On.	buwhahahaha Breathe In, Breathe Out, Move On.
main-forum	deft-forum	2014	0341	2	It is an excellent indicator of climate change.	I think we all agree on the nature of the change.
main-forum	deft-forum	2014	0342	1.8	The great thing about living here is there's space.	The bad thing is there's space.
main-forum	deft-forum	2014	0343	4.5	Ah ha, ha, ha, ha, ha!	Ha, ha, ha, ha, ha, ha!
main-forum	deft-forum	2014	0344	3.8	I don't understand how freedom of speech will be prohibited.	Your freedom of speech will be no more prohibited than it is today.
main-forum	deft-forum	2014	0345	3.2	The question needs to be asked.	It is a question that needs to be answered.
main-forum	deft-forum	2014	0346	2.8	You purport to value life very heavily.	I purport to value human life very highly.
main-forum	deft-forum	2014	0347	1.8	The Infestation posts.	The mosquitoes posts.
main-forum	deft-forum	2014	0348	4.6	i don't want a president who 'cares'.	don't want a president that is compassionate.
main-forum	deft-forum	2014	0349	2.4	do you have anything to make it less compelling or not?	Do you have anything to make it more compelling?
main-forum	deft-forum	2014	0350	3.4	For the trillionth time, I've never said rehabilitation doesn't work.	The point you quote should say "I never said rehabilitation could never work."
main-forum	deft-forum	2014	0351	2.4	Classical Gas We are all vessels filled with many wonders.	Time of the Season by the Zombies We are all vessels filled with many wonders.
main-forum	deft-forum	2014	0352	4	peeve So we agree that it came down essentially in freefall?	Do we agree that they came down essentially in freefall?
main-forum	deft-forum	2014	0353	1	Pro-life people do not want a woman to be able to choose abortion for herself.	Pro-choice people do not try to force an abortion on anyone.
main-forum	deft-forum	2014	0354	3.4	So answer the question.	Stop avoiding the question.
main-forum	deft-forum	2014	0355	4.2	Haiti is a shithole.	Haiti has been a shithole.
main-forum	deft-forum	2014	0356	1.2	I absolutely do believe there was an iceberg in those waters.	I don't believe there was any iceberg at all anywhere near the Titanic.
main-forum	deft-forum	2014	0357	4.4	The Face Of The Franchise: The worst part is that he's not even a Leafs fan!	The worst part is that he's not even a Leafs fan!
main-forum	deft-forum	2014	0358	4	I agree completely I am hoping he is into a second term of office.	I am hoping he is into a second term of office.
main-forum	deft-forum	2014	0359	0.4	Jake with the assist.	Voracek with the goal.
main-forum	deft-forum	2014	0360	3.2	Is it possible his home was affected and the school was not?	Sure, it is possible his home was affected, but not the school.
main-forum	deft-forum	2014	0361	4.2	The people had awakened.	Because the people had awakened.
main-forum	deft-forum	2014	0362	4	Umm the California was a cargo ship I dont care what the article says.	The California was a cargo ship.
main-forum	deft-forum	2014	0363	2.6	Umm, that pretty clearly states, "the statute is presumed constitutional."	And until they decide that, "the statute is presumed constitutional."
main-forum	deft-forum	2014	0364	3.4	Florida The ignorance is yours!	The ignorance is yours!
main-forum	deft-forum	2014	0365	1.6	I'm going to shout for justice for Trayvon.	The people shouting for justice for Trayvon are all hypocrites.
main-forum	deft-forum	2014	0366	2.2	How do you know what's right and wrong?	How do you know which story is the right one?
main-forum	deft-forum	2014	0367	5	Ha, ha, ha, ha, ha, ha!	Ah ha, ha, ha, ha, ha!
main-forum	deft-forum	2014	0368	0.6	And Nugent was a complete fool to say what he said.	Natalie was a complete fool to have insulted their fan base.
main-forum	deft-forum	2014	0369	1.2	It is all Bush's fault.	Obama is Bush's fault.
main-forum	deft-forum	2014	0370	2.4	You should stop prefixing or suffixing everything with you hate Jews.	I don't prefix or suffix everything with "you hate Jews."
main-forum	deft-forum	2014	0371	2.4	I missed the point where he said that black people were going to riot.	Never, did I ever, did I say blacks were going to riot.
main-forum	deft-forum	2014	0372	2	Yet you didn't have to declare it.	And you didn't have to.
main-forum	deft-forum	2014	0373	4.6	Proverbs  John the Baptist was a Nazarite from birth.	John the Baptist was a Nazarite from birth.
main-forum	deft-forum	2014	0374	2.2	James : says faith without works is dead.	Paul did not preach faith without works.
main-forum	deft-forum	2014	0375	1.53333333333333	 billion . Everyone in the world at Mexico's current prosperity level.	Everyone in the world at the current "prosperity" level of Northwest Africa.
main-forum	deft-forum	2014	0376	4.6	and videos Seismic data does not equal duration of collapse.	Seismic data does not equal duration of collapse.
main-forum	deft-forum	2014	0377	2.2	Originally Posted by Lone Fox You've said that multiple times now.	Originally Posted by Lone Fox And it's not all Iranian related either.
main-forum	deft-forum	2014	0378	2.6	You might not like Obamas views, but he has them.	You might not like the positions he holds, but atleast he has them.
main-forum	deft-forum	2014	0379	3	But do you actually believe there was an iceberg in those waters?	I absolutely do believe there was an iceberg in those waters.
main-forum	deft-forum	2014	0380	1.4	There is simply no winning for Obama among conservatives.	This is rich coming from a conservative.
main-forum	deft-forum	2014	0381	1.6	Satan represents indulgence instead of abstinence!	. Satan represents vengeance instead of turning the other cheek!
main-forum	deft-forum	2014	0382	3.8	Just so long as the tax on that sale is paid.	Just so long as the tax is paid.
main-forum	deft-forum	2014	0383	1.2	fix?: Islam itself is not political.	Islam has always been political.
main-forum	deft-forum	2014	0384	4	March  is also the date for the uprising in CHINA.	Originally posted by Vitchilo March  is also the date for the uprising in CHINA.
main-forum	deft-forum	2014	0385	5	I hope everything is OK!	I hope everything is okay.
main-forum	deft-forum	2014	0386	3.2	Do you understand why it's absurd to limit the question to US residents?	Do you understand why non-US residents are also relevant to the statistics?
main-forum	deft-forum	2014	0387	4	I have seen UFO over Warsaw in the past.	Respectfully submitted, Steve I have seen UFO over Warsaw in the past.
main-forum	deft-forum	2014	0388	4.6	depending on which action furthers their loony-tunes agenda of the moment.	depending on which action furthers their lonny-tunes agenda.
main-forum	deft-forum	2014	0389	3.8	Do you further agree that I have made no claim?	So that you will admit and verify that I have made no claim.
main-forum	deft-forum	2014	0390	2.4	Zimmerman says that he was sucker punched by his car.	His "friends" say that he was confronted by his car.
main-forum	deft-forum	2014	0391	4.6	There is no "WAR" in the middle east.	There is no war in the Middle east.
main-forum	deft-forum	2014	0392	3.8	Part of pro-life is the opposition to legalized abortion.	Pro-life also refers to just "opposition to abortion".
main-forum	deft-forum	2014	0393	2.8	Capital gains, top rate:  percent.	 - Income, top rate:  percent.
main-forum	deft-forum	2014	0394	2.8	Time of the Season by the Zombies We are all vessels filled with many wonders.	The theme song to Cheers: We are all vessels filled with many wonders.
main-forum	deft-forum	2014	0395	4	No, I show you are willfully ignorant.	LOL, you are so ignorant.
main-forum	deft-forum	2014	0396	3	We are all vessels filled with many wonders.	Jingle Bell Rock by Bobby Helm We are all vessels filled with many wonders.
main-forum	deft-forum	2014	0397	2.46666666666667	the problem isn't who has money.	the problem is who doesn't have money.
main-forum	deft-forum	2014	0398	2.8	Sadly Ford did accept taxpayer money.	Ford didn't accept taxpayer money to save the company.
main-forum	deft-forum	2014	0399	1	The Muslims would say the same thing about the Qur'an.	The Hindus would say the same thing about the Bhagavad Ghita.
main-forum	deft-forum	2014	0400	3.8	Your confusion doesn't make me a liar.	Then your confusion doesn't make me a liar either.
main-forum	deft-forum	2014	0401	1.6	When Christians are extreme its just simply religion.	When Muslims are extreme it's terrorism.
main-forum	deft-forum	2014	0402	1.2	Some believe the 'right' is most important.	Some believe not slaughtering the unborn is most important.
main-forum	deft-forum	2014	0403	1.6	Evolution is not an opinion, not a belief.	Atomic theory is not an opinion, not a belief.
main-forum	deft-forum	2014	0404	2.8	I am not the one claiming the right to decide over another woman's body.	You want others to decide over a woman body.
main-forum	deft-forum	2014	0405	0.8	Where in the world is Ron Paul?	Where in the world is the MEDIA??
main-forum	deft-forum	2014	0406	2.4	you have no remains of a missile at the pentagon.	you have no remains of an A- at the pentagon.
main-forum	deft-forum	2014	0407	3.4	The point you quote should say "I never said rehabilitation could never work."	For the trillionth time, I've never said rehabilitation doesn't work.
main-forum	deft-forum	2014	0408	1.53333333333333	 billion . Everyone in the world at Mexico's current prosperity level.	Everyone in the world at the current "prosperity" level of Northwest Africa.
main-forum	deft-forum	2014	0409	3.8	my hair is pretty thing tho :/ Quote: Ditto.	my hair is pretty thing tho :/ woops!
main-forum	deft-forum	2014	0410	1.2	It wouldn't stop joke marriages.	And I don't fight for marriage.
main-forum	deft-forum	2014	0411	1.6	You seem to think that poor people are not responsible for their actions.	People are responsible for their actions.
main-forum	deft-forum	2014	0412	2.4	Why did that transaction take place.	Did the transaction take place?
main-forum	deft-forum	2014	0413	0	It's about the baggage attached.	It's not the same thing.
main-forum	deft-forum	2014	0414	3.6	We are all vessels filled with many wonders.	Put a Little Love in your Heart We are all vessels filled with many wonders.
main-forum	deft-forum	2014	0415	2.46666666666667	the problem isn't who has money.	the problem is who doesn't have money.
main-forum	deft-forum	2014	0416	1.6	What makes you think the owl didn't participate?	It doesn't say that it didn't participate.
main-forum	deft-forum	2014	0417	1.8	lol Looking forward to seeing your built-in's!	Look forward to seeing it!
main-forum	deft-forum	2014	0418	1.2	Originally Posted by jacko!	Originally Posted by IZZY!
main-forum	deft-forum	2014	0419	4.8	Thanks Candy for starting the thread.	Candy - Thanks for starting us off today.
main-forum	deft-forum	2014	0420	1	Except that it wasn't.	Except that they couldn't.
main-forum	deft-forum	2014	0421	2.2	If I owe you , dollars, I have a problem.	If I owe you a trillion dollars, you have a problem.
main-forum	deft-forum	2014	0422	4.8	If evidence is not provided to support a position; then it should be rejected.	If a position is unverifiable; then it should be rejected.
main-forum	deft-forum	2014	0423	1.4	Everyone else at the current prosperity level of Mexico.	Everyone in the world at the current "prosperity" level of Northwest Africa.
main-forum	deft-forum	2014	0424	1.8	Bush gets zero credit for the budget under him.	And, Obama gets zero credit for the budget under him.
main-forum	deft-forum	2014	0425	0.8	LOL Don't you have to take a test to drive a vehicle in the US?	Is there a test to own a firearm in the US?
main-forum	deft-forum	2014	0426	3.2	We both thought the movie was good and we didn't find it confusing in any way.	I thought it was good, and I didn't find it confusing.
main-forum	deft-forum	2014	0427	5	If God does not exist can anything be morally wrong?	I ask again if God does not exist can anything be morally wrong?
main-forum	deft-forum	2014	0428	3.6	A law is constitutional if it does not conflict with the Constitution.	To be unconsititutional means to violate the constitution.
main-forum	deft-forum	2014	0429	1.2	Originally Posted by muslim girl ooops sorry!	Originally Posted by muslim girl its not a complete impossibility.
main-forum	deft-forum	2014	0430	1.4	This is not your country.	This is our country.
main-forum	deft-forum	2014	0431	1	Originally Posted by zaf I suppose the water in the middle makes a difference.	Originally Posted by zaf in the long term, yes.
main-forum	deft-forum	2014	0432	4.2	Cone threw an  game.	Addie Joss Cone threw an  game.
main-forum	deft-forum	2014	0433	4.8	Edited by LashL: Edited to properly mask profanity.	Edited by LashL: Edited to properly mask profanity in quoted post.
main-forum	deft-forum	2014	0434	1.6	The jury is not told about juror nullification.	The quote you provide has nothing to do with jury nullification.
main-forum	deft-forum	2014	0435	1	runs victim down Got any proof?	paranoid Got any proof?
main-forum	deft-forum	2014	0436	4.2	you don't use the search button much, do you?	you don't use the search button AT ALL, do you?
main-forum	deft-forum	2014	0437	3.6	I don't think Paul has a shot.	Paul doesn't have a shot.
main-forum	deft-forum	2014	0438	3.2	Time of the Season by the Zombies We are all vessels filled with many wonders.	Joy to the World We are all vessels filled with many wonders.
main-forum	deft-forum	2014	0439	4.57142857142857	Do you notice the nonsensical things you are saying?	And to be fair, do you notice the nonsensical things you are saying?
main-forum	deft-forum	2014	0440	1	What if they messed up a study?	What if they had a personal bias?
main-forum	deft-forum	2014	0441	1.2	Specifically a Baptist.	Specifically Gnostic.
main-forum	deft-forum	2014	0442	0.8	And a large part of the east coast.	And parts of the west coast.
main-forum	deft-forum	2014	0443	1.4	Why are you talking about women within the Hebrew tribes?	We were talking about women as war bounty were we not?
main-forum	deft-forum	2014	0444	2.6	Last night Japanese forces attacked Hong Kong.	Last night Japanese forces attacked the Philippine Islands.
main-forum	deft-forum	2014	0445	3.6	. What is your definition of "life force"?	What is your definition of "soul"?
main-forum	deft-forum	2014	0446	2.6	That is not direct responsibilty to the constituents.	Aye but they ARE responsible to their constituents.
main-forum	deft-forum	2014	0447	4	The ideology was built around violent expansion, so yes - VIOLENT expansion.	The ideology was built around violent expansion and race superiority.
main-forum	deft-forum	2014	0448	4.6	Could this have been an enema?	@ossobuco, Could this have been an enema?
main-forum	deft-forum	2014	0449	0.4	my final word: ignoring has the effect of normalizing.	taking advantage has the effect of reinforcing.
