main-news	headlines	2013	0000	2.6	Drug lord captured by marines in Mexico	Suspected drug lord known as ‘El Taliban’ held in Mexico
main-news	headlines	2013	0001	4.4	SC dismisses govt's review plea in Vodafone tax case	SC dismisses govt's review petition on Vodafone tax verdict
main-news	headlines	2013	0002	2.6	Explosion hits oil pipeline in Syria's Homs	Explosion hits pipeline as Assad attacks cities
main-news	headlines	2013	0003	3.8	NATO Soldier Killed In Afghan Attack	NATO soldier killed in S. Afghanistan
main-news	headlines	2013	0004	4.2	Castro celebrates 86th birthday Monday	Fidel Castro celebrates 86th birthday
main-news	headlines	2013	0005	3	Israel ex-spy warns against 'messianic' Iran war	Israeli ex-spy boss: no trust in leadership over Iran – video
main-news	headlines	2013	0006	3.8	Eye Opener: Supreme Court rules on Arizona immigration law	U.S. Supreme Court issues split ruling on Arizona immigration law
main-news	headlines	2013	0007	3.2	NATO traces path out of Afghanistan	NATO Leaders Commit to Afghanistan Transition
main-news	headlines	2013	0008	4	Syria says suicide bomber kills 10 in Damascus	Damascus 'suicide bombing' kills 10
main-news	headlines	2013	0009	0.8	Sachin Tendulkar says I'm not God, I'm Sachin	Sachin Tendulkar scores cricket's first 100th century
main-news	headlines	2013	0011	2.4	Australian PM Gillard set to win leadership challenge	Australian PM defiant under pressure over leadership
main-news	headlines	2013	0012	2.4	Obama backs Philippines over South China Sea	Obama says clear rules needed to calm South China Sea
main-news	headlines	2013	0013	3.2	Teenager in China kills 8, wounds 5 in knife attack	Teenager kills 8 in knife attack
main-news	headlines	2013	0014	3.8	Syrian rebels move command from Turkey to Syria	Free Syrian Army moves headquarters from Turkey to Syria
main-news	headlines	2013	0015	0.4	Knesset speaker: Obama reelection bad for Israel	7 states sue over Obama administration's birth control rule
main-news	headlines	2013	0017	2.8	Greece bond exchange the largest debt restructuring in history	Greece secures biggest debt deal in history
main-news	headlines	2013	0018	1	Putin 'Wins Russian Presidential Election'	Polls open in Russian presidential election
main-news	headlines	2013	0020	0.2	Indian finance minister quits to run for president	Julian Assange Plans to Run for Australian Senate
main-news	headlines	2013	0021	3.8	Jerry Sandusky found guilty in child sex abuse trial	Sandusky found guilty in child sex abuse trial
main-news	headlines	2013	0022	2.4	Three Tibetans self-immolate in western China: report	7 Tibetans self-immolate in China
main-news	headlines	2013	0023	3.6	White House in damage control over Obama Supreme Court remarks	Fact check: Obama's Supreme Court remarks
main-news	headlines	2013	0024	2	Annan warns talks of Syria risks	Putin, Annan meet on Syria crisis
main-news	headlines	2013	0025	1.4	Quartet calls on Israelis, Palestinians to end irritants	Occupation to confiscate 30 dunums of Palestinian land in Deir Estia
main-news	headlines	2013	0026	4.8	Saudis to permit women to compete in Olympics	Saudi Women Allowed To Compete At Olympics
main-news	headlines	2013	0027	2.2	Nigeria university mass attacked by gunmen	Nigeria: University Bombed in North
main-news	headlines	2013	0029	3.2	China's Cabinet promises to boost economy	China's Wen promises job creation
main-news	headlines	2013	0033	1	Tropical Storm Isaac boosts jobless claims	Tropical Storm Joyce forms, stays in open Atlantic
main-news	headlines	2013	0035	3.2	Freddie Starr Arrested In Savile Abuse Probe	Third man arrested in Savile sex abuse probe
main-news	headlines	2013	0036	5	Romney announces Paul Ryan as running mate	Romney names Ryan as running mate
main-news	headlines	2013	0037	3.6	Stocks rise early after Greek deal, then flatten	Stocks edge higher after Greek debt deal
main-news	headlines	2013	0038	4	Suicide bombing rocks elite Yemen military camp	Suicide bombers attack Yemen military posts
main-news	headlines	2013	0039	2.2	NATO: 2 International Troops Killed in Afghanistan	Three NATO troops killed in one day in Afghanistan
main-news	headlines	2013	0040	1.8	Moscow protesters demand Vladimir Putin's resignation	Moscow protest against Vladimir Putin smaller and quieter
main-news	headlines	2013	0042	1	French election turnout higher than expected	French presidential election: first round - live updates
main-news	headlines	2013	0043	4.4	Australia to establish the world's largest marine reserve	Australia creates world's largest marine reserves
main-news	headlines	2013	0044	1.6	Two U.S. soldiers shot, killed by Afghan soldier	Two British soldiers killed by Afghan policeman
main-news	headlines	2013	0045	1.4	Italy soldiers die in Afghanistan	Two UK Soldiers Killed In Afghanistan
main-news	headlines	2013	0046	4	Abbas to lead Palestinian unity government	Abbas proposed as PM in interim unity government
main-news	headlines	2013	0047	2.8	Egypt’s Coptic Church Names New Pope	Egypt's Coptic Church Prepares to Choose Pope
main-news	headlines	2013	0048	3.6	Malawi Officially Confirms President's Death	Malawi confirms President Mutharika's death
main-news	headlines	2013	0049	3.8	Mali's Tuareg rebels declare independence	Mali rebels declare independent 'Azawad'
main-news	headlines	2013	0050	1.4	Lance Armstrong stripped of Tour de France titles	Lance Armstrong plots strategy after loss of titles
main-news	headlines	2013	0051	1	Egypt votes on final day of presidential election	Polls open in France for presidential election
main-news	headlines	2013	0053	0.6	Is Madeleine McCann Still Alive?	Reopen Madeleine case, police urge
main-news	headlines	2013	0055	1.4	Aussie surfers find stricken asylum seekers	Mayday: fears for asylum seekers
main-news	headlines	2013	0056	3	ISAF: 4 coalition troops killed in attack involving Afghan police	NATO says four troops killed in "insider" attack in Afghan south
main-news	headlines	2013	0058	3.2	UN Security Council unanimous vote on Syria	UN Security Council to vote on up to 300 Syria monitors
main-news	headlines	2013	0059	5	Gunman kills 6 in shooting at Wisconsin Sikh temple	Gunman kills six in shooting at Sikh temple in Wisconsin
main-news	headlines	2013	0060	0.6	Audi to buy motorcycle maker Ducati	Probe into motor insurance market
main-news	headlines	2013	0062	4.2	China news agency: Still hope for Syria peace	China state news agency: There's still hope for Syria peace
main-news	headlines	2013	0063	0.4	22 dead in suicide attack on Yemen police academy	AU forces intensify attack on Somali rebels
main-news	headlines	2013	0064	1.2	South Korea Orders Immediate Shutdown of 2 Nuclear Reactors	South Korea to boost nuclear power?
main-news	headlines	2013	0066	1.6	US, allies to set demands for Iran nuclear talks	'Iran won't accept pre-conditions to nuclear talks'
main-news	headlines	2013	0067	4.8	AOL says to sell 800 patents to Microsoft for $1.0 bn	AOL to sell 800 patents to Microsoft for $1 billion
main-news	headlines	2013	0068	1.2	Thousands of troops to march for Jubilee	Thousands flock to Amsterdam for Queen's Day
main-news	headlines	2013	0069	0.8	Middle East: Israel: Hamas Leader Convicted	Middle East: Iraq: 17 Prisoners Escape in Kirkuk
main-news	headlines	2013	0070	4.2	Navy Jet Crashes Into Apartment Building	US Navy Jet Crashes into Apartment Block
main-news	headlines	2013	0071	0.6	Woman dies after abortion refusal	Woman dies after cliff collapses in Dorset
main-news	headlines	2013	0073	2.2	U.S. and Turkey weigh no-fly zones for Syria	U.S. and Turkey Tighten Coordination on Syria
main-news	headlines	2013	0074	3.6	Death toll rises to 236 after Brazzaville blasts	Rep. of Congo: 236 Dead After Arms Depot Blasts
main-news	headlines	2013	0075	1	I'll Have Another retired to stud	I'll Have Another wins Preakness
main-news	headlines	2013	0076	0.6	Syria journalists rescue bid fails	Journalists smuggled out of Homs
main-news	headlines	2013	0077	1.8	New sex claim hits Secret Service	New rules for US Secret Service
main-news	headlines	2013	0080	0	Rimsha Masih released on bail	Mandela released from hospital
main-news	headlines	2013	0081	0	1 person killed in sectarian clashes in Lebanon	180 killed in Iran earthquake
main-news	headlines	2013	0083	0	Gains in financial stocks push up European equities	British Christians take complaints to European court
main-news	headlines	2013	0084	1.6	Turkey Raises Alarm Over Syrian Refugees	Turkey seeks to relocate some Syrian refugees
main-news	headlines	2013	0086	1.6	Suspected al-Qaeda financier arrested in France	Three al Qaeda suspects arrested in Spain
main-news	headlines	2013	0087	1.6	No damage, tsunami after 6.6 quake hits off Indonesia's Sumatra	5.9 quake hits Indonesia s Sumatra: USGS
main-news	headlines	2013	0089	2.2	Israeli air strikes kill 16 in Gaza	Israel air strikes kill 4 in Gaza; death toll now at 38
main-news	headlines	2013	0090	1.4	18 killed, 108 wounded in wave of bombings in Iraq	9 killed, 31 wounded in car bombs in Iraq's Kirkuk
main-news	headlines	2013	0091	2	Palestinian prisoner ending hunger strike after deal	Israel to free Palestinian hunger striker
main-news	headlines	2013	0092	3.4	Hezbollah confirms it sent drone downed over Israel	Hezbollah says it sent drone over Israel
main-news	headlines	2013	0093	3.2	Rebel fighters 'capture' Syrian soldiers	Free Syrian Army captures Syrian officers
main-news	headlines	2013	0094	2.4	Colorado shooting suspect was under psychiatrist's care	Doctor treating Aurora shooting suspect had medical reprimand
main-news	headlines	2013	0095	4.8	6.6 quake rocks Indonesia's Papua: USGS	6.6 quake rocks Indonesia's Papua: US Geological Survey
main-news	headlines	2013	0097	0.4	What time is Andy Murray v Roger Federer in the Wimbledon men's final? All you need to know about the big game	What time is the Paralympic Opening Ceremony? Everything you need to know about the big curtain-raiser
main-news	headlines	2013	0098	3.6	New Jersey School Bans Hugging	US school bans hugging
main-news	headlines	2013	0099	4.6	Iran (Islamic Republic of): Iran steps up relief efforts after quakes kill 227	Iran steps up relief efforts after quakes kill 227
main-news	headlines	2013	0100	2.4	Tsunami warning issued for southern Alaska	Tsunami warning after Canada quake
main-news	headlines	2013	0101	0.8	'No Evidence' In Afghanistan Massacre Case	US toll in Afghanistan hits 2,000
main-news	headlines	2013	0102	3.8	Cash-rich Apple to pay dividend, buy back shares	Apple to pay $2.65/share dividend, buy back $10B stock
main-news	headlines	2013	0104	4.6	Two reported dead in shooting at Empire State Building in NY	2 dead in shooting outside Empire State Building
main-news	headlines	2013	0105	1	Australian unemployment up to 5.1 percent	French unemployment rate rises to 10 percent
main-news	headlines	2013	0106	0.4	Shares Move Higher on Wall Street	Sandy strengthens as nears coast; Wall Street shut
main-news	headlines	2013	0107	2.6	Halliburton 1Q income rises 23 pct	Halliburton Q1 profits rise on strong North America sales
main-news	headlines	2013	0109	0.8	4 killed in shrine bombing in northwest Pakistan	12 killed in U.S. drone strike in NW Pakistan
main-news	headlines	2013	0110	1.6	China stocks close mixed Friday	China stocks open lower Friday
main-news	headlines	2013	0111	0.8	India bans bulk texts after riots	Tunisia lifts curfew after riots
main-news	headlines	2013	0112	2.4	UN monitors yet to reach site of Syrian 'massacre' – video	UN monitors shot at on way to Syrian massacre site
main-news	headlines	2013	0113	3.6	Yorkshire soldier killed in Afghan bomb blast	Soldier killed in Afghanistan blast
main-news	headlines	2013	0114	3.75	Radical Islamists in Mali enlist new militia	Local Militia Bolsters Islamist Militants in Mali
main-news	headlines	2013	0115	4.2	Olympics Opening Ceremony A Hit Around Globe	Opening ceremony gives Olympics a rocking start
main-news	headlines	2013	0117	4.8	Man killed in French terror raid	Man dies in French 'anti-terror operation'
main-news	headlines	2013	0119	5	Capello quits as England manager	Capello resigns as England manager
main-news	headlines	2013	0120	3.2	One dead in Ohio school shooting	1 dead, 4 wounded in Ohio school shooting
main-news	headlines	2013	0121	2.4	2 Palestinians killed in Israeli airstrikes	Four Palestinians killed in IAF strike
main-news	headlines	2013	0122	3.2	Pakistan condemns U.S. drone strikes	Pakistan convoy heads to protest US drone strikes
main-news	headlines	2013	0123	4	Massive Hurricane Sandy bears down on U.S. East Coast	Hurricane Sandy gains speed, batters US east coast
main-news	headlines	2013	0124	3.6	Sarkozy to File Complaint in Gadhafi Funding Claim	Sarkozy to sue after Gaddafi cash claim bursts into campaign
main-news	headlines	2013	0125	2	The Note's Must Reads for Wednesday July 4, 2012	The Note's Must-Reads for Wednesday, May 30, 2012
main-news	headlines	2013	0126	4.4	'Iran will attack Tel Aviv if Israel strikes'	Senior cleric: Iran will attack Tel Aviv if Israel strikes
main-news	headlines	2013	0128	0	Gusmao consolidates power in East Timor elections	Supreme Court possibilities if Romney wins election
main-news	headlines	2013	0129	0.6	Pena Nieto wins Mexico presidential vote: exit polls	Poll: Putin to win Russia presidential vote
main-news	headlines	2013	0130	3.4	Syria tells Russia some troops have pulled out of Homs	Syria says troops have begun pullout – video
main-news	headlines	2013	0131	2.6	Nigeria plane crash: No survivors	4 Chinese among Nigeria plane crash victims
main-news	headlines	2013	0133	2.8	Explosion at Venezuela Refinery Kills at Least 39	Venezuela mourns oil refinery blast deaths
main-news	headlines	2013	0134	3.6	Strong earthquake hits Mexico	Strong earthquake strikes near Acapulco
main-news	headlines	2013	0135	3.8	Russia, China veto UN resolution on Syria killings	Russia, China in double veto of UN Syria resolution
main-news	headlines	2013	0138	2.6	Pakistani plane crashes with 127 on board	Pakistani Plane Crashes With 130 People On Board
main-news	headlines	2013	0139	4.4	UN security council orders global sanctions against Haqqani network in Afghanistan	UN orders global sanctions against Haqqani network
main-news	headlines	2013	0140	0	Erdogan and Putin talked in raised voice	Foreign militants killed in Somalia in strike on car
main-news	headlines	2013	0141	4	Saudi Arabia arrests suspected militants with al-Qaeda links	Saudi Arabia arrests suspected militants, state media reports
main-news	headlines	2013	0142	4.8	Hurricane Sandy Closes in on US East Coast	Hurricane Sandy takes aim at US East Coast
main-news	headlines	2013	0143	2.2	Chicago teachers strike: Vacations for students, for good or ill	Chicago teacher strike poses test for unions
main-news	headlines	2013	0144	1.6	Panetta says Afghanistan role to shift from combat in 2013	Panetta: Afghanistan Tops NATO Conference Topics
main-news	headlines	2013	0145	4	Four men admit London Stock Exchange bomb plot	Four men admit London bombs plot
main-news	headlines	2013	0147	1.6	Israel threatens action against Gaza aid ship	Israel attacks in Gaza Strip after rocket fire
main-news	headlines	2013	0148	3.8	Bodies Found at Russian Jet Crash in Indonesia	12 bodies found at Russian jet crash in Indonesia
main-news	headlines	2013	0150	1	Syria urges refugees to return	Syria's tenuous truce takes hold
main-news	headlines	2013	0151	4.2	US soldier kills up to 16 civilians in Afghanistan	US soldier kills up to 16 Afghan civilians in shooting spree
main-news	headlines	2013	0152	1.2	Rupert Murdoch: I was the victim of a cover up	Rupert Murdoch set for second day of grilling
main-news	headlines	2013	0153	0.4	Barack Obama's bodyguards sent back to US after prostitution scandal	Barclays boss falls to rate fixing scandal
main-news	headlines	2013	0154	3.8	China's yuan rises to new high against USD Wednesday	China's yuan advances to 6.3103 against USD Wednesday
main-news	headlines	2013	0156	4	Nissan to sell steer-by-wire cars	Nissan to offer steer-by-wire systems in some Infiniti cars
main-news	headlines	2013	0157	3.8	Tibetan monk dies after setting himself on fire in protest against Chinese rule	Teenage Tibetan monk dies after setting himself on fire in China
main-news	headlines	2013	0158	1	Mumbai is 2nd costliest Indian city to live in	Tech capital Bangalore costliest Indian city to live in: Survey
main-news	headlines	2013	0159	3.8	Man, 19, quizzed over teen murder	Man quizzed over Megan-Leigh murder
main-news	headlines	2013	0160	3.4	Israel kills Hamas commander, bombs Gaza targets	Israel airstrikes kill Hamas commander, 5 others
main-news	headlines	2013	0162	3.6	Gusmao consolidates power in East Timor elections	Gusmao powers on in East Timor
main-news	headlines	2013	0163	4.4	UN monitors yet to reach site of Syrian 'massacre' – video	UN monitors unable to reach site of Syria killings
main-news	headlines	2013	0165	4.8	NATO Condemns Syria's Downing of Turkish Military Jet	NATO strongly condemns Syria's downing of Turkish jet
main-news	headlines	2013	0167	0.8	Syria rebels attack Lebanese post near border: army	Turkish army stages tank exercises near Syria border
main-news	headlines	2013	0168	0.2	Five killed in China building collapse	At least 20 killed in Syria Saturday
main-news	headlines	2013	0169	3.4	Syrian forces launch new attacks	Syria forces launch Aleppo attack
main-news	headlines	2013	0171	1.4	Gazans fire 2 rockets into Israel; no injuries	Gazans fire 89 rockets; cabinet approves reserve call-up
main-news	headlines	2013	0172	4.6	Former Nazi death camp guard Demjanjuk dead at 91	John Demjanjuk, convicted Nazi death camp guard, dies aged 91
main-news	headlines	2013	0173	3.8	Boris Johnson re-elected London mayor	Johnson re-elected London mayor
main-news	headlines	2013	0174	1	Breivik drops far-right salute in court	Breivik gets 21-year sentence
main-news	headlines	2013	0175	1.4	Second teenager charged with murder	Brother of EastEnders actress Gemma McCluskie is charged with her murder
main-news	headlines	2013	0176	0.8	French Fear New Serial Killer After Murders	Jersey Murder Trial: Killer 'Hearing Voices'
main-news	headlines	2013	0177	4.2	US: Madoff brother to plead guilty in NY in fraud	Madoff's brother to plead guilty to fraud
main-news	headlines	2013	0178	1.8	Hollande defeats Sarkozy in French presidency vote	Polls open across France in presidential election
main-news	headlines	2013	0179	3.2	Libyan government retakes Tripoli airport	Libyan militia takes control of Tripoli airport
main-news	headlines	2013	0180	4.6	Clinton warns Kenya of cost of election violence	Clinton warns Kenya on cost of election unrest
main-news	headlines	2013	0181	4.6	Arkansas Supreme Court strikes down execution law	Arkansas Justices Strike Down Death Penalty
main-news	headlines	2013	0182	4.2	S. Africa's former president Mandela discharged from hospital	Mandela Discharged From Hospital
main-news	headlines	2013	0183	0.2	UN envoy in Turkey for talks on Syria	NZ to increase exports to China
main-news	headlines	2013	0184	1	Islamist Morsi Wins Egypt's Presidential Election	Al-Shater to run in presidential election in Egypt
main-news	headlines	2013	0185	1.6	Donna Summer, the queen of disco	Donna Summer, Queen of Disco, Dies at 63
main-news	headlines	2013	0186	3.6	Bangladesh Muslims torch Buddhist shrines, police say	Muslims torch Buddhist temples
main-news	headlines	2013	0187	0.4	U.S. Drone Kills Five Militants in Pakistan	Six Police Officers Killed in Attacks in Dagestan
main-news	headlines	2013	0188	0	Mali future interim president readies to take office	Pope rips into dissident priests on celibacy
main-news	headlines	2013	0189	1.2	9 killed, 168 injured in latest Cairo clashes	10 killed, 12 injured in E. Afghan airport suicide blast
main-news	headlines	2013	0192	3.8	Romney wins Maine Republican caucuses	Romney, in comeback, has narrow Maine caucus win
main-news	headlines	2013	0193	3.8	Court in Bahrain rejects medics' last rally appeal	Bahrain rejects activists' appeal
main-news	headlines	2013	0194	3.6	Hurricane Sandy powers toward Eastern Seaboard	Hurricane Sandy moves towards US
main-news	headlines	2013	0195	0	Clinton calls for friends of Syria to unite	Plastic artist calls for greater support for new talents
main-news	headlines	2013	0196	0	JK Rowling launches her first adult novel	Syria launches ground assault in Aleppo
main-news	headlines	2013	0197	2.4	Algerian government parties dominate elections	Algerian national turnout of parliamentary vote reaches 44.38 pct
main-news	headlines	2013	0198	0.6	Security official killed in Yemen	Security personnel killed in Pakistan raid
main-news	headlines	2013	0199	3.2	US stocks fall as Greek talks lumber; Apple falls	US stocks slip on Wall Street as Greek talks drag on
main-news	headlines	2013	0200	5	Romney picks Ryan as vice presidential running mate: source	Romney to tap Ryan as vice presidential running mate
main-news	headlines	2013	0201	1	NATO sticks to transition roadmap in Afghanistan: Rasmussen	NATO helicopter makes hard landing in E. Afghanistan
main-news	headlines	2013	0202	1.4	Mubarak faces verdict in murder trial	Mubarak's sons face new charges of insider trading
main-news	headlines	2013	0203	2	No blocks to investment	India allows Pakistan investment
main-news	headlines	2013	0204	2.6	Blast kills 11 in northwestern Pakistan	Bomb Kills 19 In Northwest Pakistan
main-news	headlines	2013	0205	0.8	5 aid workers freed in operation in Afghanistan	Suicide bomber kills 37 at mosque in Afghanistan
main-news	headlines	2013	0206	3.6	Two NATO soldiers killed in Afghanistan	NATO Soldier Killed in Afghan Blast
main-news	headlines	2013	0207	4	Nadal tumbles into French Open final	Nadal through to seventh French Open final
main-news	headlines	2013	0208	3.2	Russian TV reports foiled attempt on Putin	Russia, Ukraine foiled plot to kill Putin, report says
main-news	headlines	2013	0209	4.4	Putin claims victory in Russia's presidential election	Putin wins disputed Russian presidential election
main-news	headlines	2013	0212	5	Remains of 167 bodies found in Mexican cave	Remains of 167 people found in Mexico cave
main-news	headlines	2013	0213	4	orphaned alps massacre girl returns to uk	Alps attack: Girl returns to UK
main-news	headlines	2013	0214	2.8	Obama team raises debate stakes	Obama takes offensive against Romney in debate
main-news	headlines	2013	0215	0.8	Two Kenyan ministers among 6 killed in plane crash	Poland honors president killed in 2010 plane crash
main-news	headlines	2013	0217	2.8	Thousands gather for new Russian anti-Putin rally	Thousands gather in Moscow for rival rallies
main-news	headlines	2013	0219	3.8	Google names new Motorola Mobility CEO	Google appoints Dennis Woodside to run Motorola Mobility
main-news	headlines	2013	0220	4.4	Massive Hurricane Sandy bears down on U.S. East Coast	Hurricane Sandy takes aim at US East Coast
main-news	headlines	2013	0222	3.4	Another rocket hits Eshkol; no injuries	2 rockets hit Eshkol; none injured
main-news	headlines	2013	0224	3.8	Thousands more Syrian refugees flee to Turkey overnight	8,000 Syrian refugees flee to Turkey overnight
main-news	headlines	2013	0225	4	Assange appeals extradition to UK's top court	Assange to appeal extradition to UK's top court
main-news	headlines	2013	0226	2	Strong quake jolts most parts of Pakistan	Strong quake hits eastern Indonesia
main-news	headlines	2013	0227	1	Lebanese Gunmen Clash Over Syria Crisis	Syrians hold solution to Syria crisis
main-news	headlines	2013	0229	4	Mob kills man for burning Quran	Pakistani Mob Kills Man 'for Burning Koran'
main-news	headlines	2013	0230	1.8	US drone strike kills four in North Waziristan	U.S. drone strike kills 10 in northwest Pakistan: officials
main-news	headlines	2013	0231	4.6	Salvador Dali painting snatched from New York gallery	Salvador Dali painting snatched in NYC
main-news	headlines	2013	0232	1.8	Putin claims victory in Russia's presidential election	Will Putin's Election Victory in Russia Be Greeted with Protests?
main-news	headlines	2013	0233	4.2	Sarkozy announces re-election bid	France's Nicolas Sarkozy makes his reelection bid official
main-news	headlines	2013	0234	4.6	US, UK in pact to release emergency oil stocks	US, UK Set to Agree Emergency Oil Stocks Release
main-news	headlines	2013	0236	3	Eurozone unemployment stays at record 11 percent	Eurozone unemployment at record high in June
main-news	headlines	2013	0237	3.8	French Socialist Party wins parliament victory	French Socialists win absolute parliament majority
main-news	headlines	2013	0238	0.6	Salafi Islamists, police clash in Tunis - witnesses	Second Islamist hunger striker dies in a Tunisian prison
main-news	headlines	2013	0239	3.8	Strauss-Kahn investigated in French prostitution ring	Dominique Strauss-Kahn faces questions over French prostitution ring
main-news	headlines	2013	0240	1.8	Romney wins Florida Republican primary	Romney eyes US Republican primary endgame
main-news	headlines	2013	0241	2.6	US drone strike kills four in North Waziristan	Suspected drone strike kills 4 in Pakistan
main-news	headlines	2013	0243	2.4	2 Traffic Accidents Leave 47 Dead in China	3 traffic accidents leave 56 dead in China
main-news	headlines	2013	0244	0	Head of CIA resigns over affair	Hall of Fame beckons for Capriati
main-news	headlines	2013	0245	4	France's Strauss-Kahn charged with involvement in prostitution vice ring	Strauss-Kahn charged in prostitution vice ring
main-news	headlines	2013	0246	3.6	Sony reports record annual loss	Sony forecasts record annual loss of $6.4bn
main-news	headlines	2013	0247	0.4	12 killed in Gaza in Israeli airstrikes	Ictu, Ibec in move on airline strike
main-news	headlines	2013	0248	1.4	9 killed in attacks after deadly Iraq day	19 Killed in Iraq Attacks ahead of Ramadan End
main-news	headlines	2013	0249	4.4	Barclays hit by fresh U.S. investigations	Barclays hit by fresh US probe
main-news	headlines	2013	0250	0.4	US closes embassy in Syria (AP)	Closed roads in Armenia
main-news	headlines	2013	0252	4.4	EU heaps new sanctions on Syria	EU imposes new sanctions on Syrian regime
main-news	headlines	2013	0254	3.4	Russians rally against Putin's rule	Tens of thousands rally against Putin's rule (AP)
main-news	headlines	2013	0255	4	Bahrain Grand Prix Underway Amid Protests	Bahrain race goes ahead amid unrest
main-news	headlines	2013	0256	1.4	China stocks open flat Monday	Chinese stocks open mixed Wednesday
main-news	headlines	2013	0257	4.6	Sheryl Crow says has benign brain tumor	Sheryl Crow Has a Benign Brain Tumor
main-news	headlines	2013	0260	3.8	Afghan parliament approves U.S.-Afghan security pact	Afghan parliament approves U.S. partnership
main-news	headlines	2013	0261	0.6	Two German tourists, two pilots killed in Kenya air crash	Senator Reid involved in Las Vegas car crash: CNN
main-news	headlines	2013	0262	3.6	Israeli, Palestinian negotiators quietly meet	Israeli, Palestinian negotiators meet in Jordan
main-news	headlines	2013	0263	3.6	US astronaut Neil Armstrong dead at 82	US astronaut Neil Armstrong dies
main-news	headlines	2013	0264	4.2	Amnesty: Syria rebels also committing abuses	Amnesty investigator: Syria rebels also committing abuses
main-news	headlines	2013	0265	1.6	Mitt Romney wins Republican primary in Indiana	Romney wins Florida Republican primary
main-news	headlines	2013	0266	4	East German rights activist Gauck elected president	Joachim Gauck elected as German president
main-news	headlines	2013	0267	2.4	South Africa starts investigating mine violence	South Africa hosts 'peace talks' in mine standoff
main-news	headlines	2013	0269	0.4	3 dead, 27 injured in SW China accident	35 dead and 165 missing in India boat accident
main-news	headlines	2013	0271	1	Santorum Romping To Minnesota Victory	Santorum wins Kansas caucuses
main-news	headlines	2013	0273	4	Space legend Neil Armstrong dies	First man on moon Neil Armstrong dies at 82
main-news	headlines	2013	0274	4.8	U.S. and Turkey weigh no-fly zones for Syria	Turkey, US weigh no-fly zones for Syria
main-news	headlines	2013	0275	0.8	Man arrested over double murder	WA man arrested in police drug raid
main-news	headlines	2013	0276	2.8	Florida counties extend early voting	Fla. Democrats want extended early voting hours
main-news	headlines	2013	0277	3.8	Warship sets sail for Falklands	British Warship Sets Sail for Falklands
main-news	headlines	2013	0278	1	Newcastle 2-0 Liverpool: Match report, pictures & video highlights	QPR 1-2 West Ham: Match report, pictures & video highlights
main-news	headlines	2013	0279	2.8	Palestinian prisoners to end hunger strike	Progress reported in Palestinian prisoner hunger strike talks
main-news	headlines	2013	0280	1	Police: Four killed in German hostage taking incident	Palestinians: 12 killed in IDF strike in northern Strip
main-news	headlines	2013	0281	4.25	Egypt lets Mubarak PM back in presidential race	Egypt confirms Mubarak's PM back in presidency race
main-news	headlines	2013	0282	0.6	Syrian journalists killed in capital	US Marines killed in base attack
main-news	headlines	2013	0283	2.4	GOP candidate Romney to call to arm Syrian rebels	US helping get arms to Syria rebels
main-news	headlines	2013	0284	4.4	U.N. observer patrol arrives at Syria massacre site	UN observers reach Syria massacre village
main-news	headlines	2013	0286	0	American Airlines and Pilots Agree on a New Contract	Romney pledges to 'stand with Israel' on Iran threat
main-news	headlines	2013	0287	2.8	Greek PM to announce new election	Greek PM calls for May 6 general election
main-news	headlines	2013	0288	1.6	Government of Canada Supports Montréal Women Leading Change	Government of Canada Supports Women's Safety in Regina
main-news	headlines	2013	0289	3.2	No problem if Mulayam forms Third Front: Congress	No problem if Mulayam forms third front: Digvijay
main-news	headlines	2013	0290	0	Bradley triumphs at Firestone as Furyk fades	Bahrain court upholds sentences against uprising leaders
main-news	headlines	2013	0292	2.2	Plane crash in Ghana kills at least 10	Plane Crash in Ghana: How the international media reported it
main-news	headlines	2013	0295	1.8	Six US troops killed in Afghan bomb attack	6 NATO troops killed in Afghanistan
main-news	headlines	2013	0296	1.6	Syria forces launch Aleppo attack	Syrian forces kill 54 ahead of Annan peace mission
main-news	headlines	2013	0297	1	Romney, Obama fight for edge on Medicare	Obama, Romney compete for undecideds, stoke base
main-news	headlines	2013	0299	3.6	BBC director general resigns over 'shoddy journalism'	BBC Director General Resigns amid Newsnight Scandal
main-news	headlines	2013	0300	4.8	Rick Santorum wins Kansas caucuses	Rick Santorum notches a victory in Kansas caucuses
main-news	headlines	2013	0301	3.2	In Islamist-led Egypt, Coptic Church names new pope	Egyptian Christians choose new pope
main-news	headlines	2013	0302	5	US pledge to rebuild Haiti not being met	US Pledge to Rebuild Haiti Not Being Met
main-news	headlines	2013	0303	1	Chinese stocks close higher Thursday	Chinese stocks open mixed Wednesday
main-news	headlines	2013	0304	3.6	Greece to vote on 2013 budget; protesters gather	Greece to vote on 2013 budget
main-news	headlines	2013	0306	4	U.S., EU Cautiously Welcome Iran's Proposal To Restart Nuclear Talks	U.S., EU welcome Iran's offer to restart nuclear talks
main-news	headlines	2013	0308	2.8	Clinton warns Kenya of cost of election violence	Clinton warns Kenya on repeat of 2007 vote chaos
main-news	headlines	2013	0310	3.8	Anti-American Protests Over Film Expand to Nearly 20 Countries	Anti-American fury sweeps Middle East over film
main-news	headlines	2013	0311	1	Journalists hail London Olympics opening	Israeli delegation marches in 2012 Olympics opener
main-news	headlines	2013	0312	1.5	Aust stocks open lower	Tokyo stocks open lower
main-news	headlines	2013	0313	3.4	WikiLeaks begins publishing two million Syria emails	WikiLeaks Releasing Trove of Syria Documents
main-news	headlines	2013	0314	3	Palestinians: 2 Gaza militants killed in Israeli airstrike on coastal strip	Officials: Gaza man killed in Israeli airstrike (AP)
main-news	headlines	2013	0315	4.6	Mali's President Hands in Resignation	Mali's President Formally Resigns
main-news	headlines	2013	0317	1.4	Three killed in Nigeria suicide bombers attack	60 killed in Nigeria cattle market attack
main-news	headlines	2013	0318	1.6	FACTBOX-Security developments in Iraq, February 1	FACTBOX-Security developments in Pakistan, March 13
main-news	headlines	2013	0319	4.2	HRW: Jordan biased against Palestinians from Syria	Jordan biased over Palestinians from Syria
main-news	headlines	2013	0320	3.8	Israel among top arms exporters in world: report	Israel among top arms exporters and importers
main-news	headlines	2013	0321	0.8	Egyptians to vote for new president	Somali MPs to elect new president
main-news	headlines	2013	0322	5	Federer Wins 7th Wimbledon Title	Federer captures 7th Wimbledon title
main-news	headlines	2013	0323	3.6	Qaida leader calls for kidnap of Westerners in Egypt	Al-Qaida Leader Urges Kidnapping of Westerners
main-news	headlines	2013	0324	2.6	China stocks close mixed Friday	Chinese stocks close higher midday Friday
main-news	headlines	2013	0327	1.6	43 killed in bus crash	15 killed in crash in India
main-news	headlines	2013	0328	4	Putin sworn in as Russian president	Putin sworn in as Russia's president for 6 years
main-news	headlines	2013	0329	0	China trade returns to surplus in March	Tense calm returns to south Tel Aviv
main-news	headlines	2013	0330	2.2	Highlights of the Vice Presidential debate	Five things to watch in the presidential debate
main-news	headlines	2013	0332	1.4	Full Episode: Nightline 6/29: Katie Holmes, Tom Cruise to Divorce	Custody, images at stake in Cruise-Holmes divorce
main-news	headlines	2013	0333	3	Syrian regime denies role in Houla massacre	Syria blames rebels for Houla massacre of over 100
main-news	headlines	2013	0334	4.4	South Sudan accuses Sudan of bombings ahead of talks	S. Sudan accuses Sudan of bombing in blow to talks
main-news	headlines	2013	0337	0	Nine killed in gun attack in Pakistan	Five million citizens get unofficial salary in Ukraine
main-news	headlines	2013	0338	3.2	Syria demands guarantees, rebels say peace plan doomed	Syria demands written guarantee for troop pullback
main-news	headlines	2013	0339	3.8	Minn. terminal reopens after evacuation	Minn. Terminal Reopens After Bag Causes Evacuation
main-news	headlines	2013	0340	4	Golf: Westwood takes lead in Dubai Desert Classic	Westwood in front a Dubai Desert Classic
main-news	headlines	2013	0341	2.8	Sudan Blocks YouTube Over Anti-Islam Film	Pakistan's PM orders YouTube halt over anti-Islam film
main-news	headlines	2013	0342	1.4	Polls open in Russian presidential election	Polls close in Senegal's presidential election
main-news	headlines	2013	0343	4.4	Chavez leaves again for Cuba for radiotherapy	Chavez set for more radiotherapy in Cuba
main-news	headlines	2013	0344	0.6	Romanian president declared victory	Chinese president concludes state visit to Denmark
main-news	headlines	2013	0345	3.6	Russians rally support for Orthodox church over Pussy Riot controversy	Russian Orthodox Church rallies faithful after criticism
main-news	headlines	2013	0346	1.4	Clinton lands in India to breathe life into ties	Clinton Warns Against Undermining Grameen Bank
main-news	headlines	2013	0347	4.2	Mali interim leader takes office	Mali's Interim President Sworn Into Office
main-news	headlines	2013	0348	3.8	Putin Declares Victory In Russian Presidential Vote	Putin 'wins' Russia's presidential election
main-news	headlines	2013	0349	1.6	AL renews condemnation on Syria's violence	U.S. closes embassy in Damascus due to Syria violence
main-news	headlines	2013	0350	3.4	EU slaps sanctions on Assad family	EU sanctions Assad's wife; mortars hit Homs
main-news	headlines	2013	0351	1.8	Air Force Instructor Faces Sentencing for Rape	Women testify at Air Force instructor's sentencing
main-news	headlines	2013	0352	3.8	More than 30 striking miners killed	More than 30 striking miners killed in South Africa
main-news	headlines	2013	0355	2.6	Iron Dome intercepts 17 rockets	Iron Dome intercepts two rockets fired at Beersheba
main-news	headlines	2013	0356	4.5	Mali Islamists destroying 'more Timbuktu shrines'	Mali Islamists destroy more holy Timbuktu sites
main-news	headlines	2013	0357	1.8	China stocks end higher on PMI at midday	Chinese stocks open higher Thursday
main-news	headlines	2013	0358	0	Scientists Resurrect Flowers from Prehistoric Seeds	Nintendo trims red ink, lowers forecast for year
main-news	headlines	2013	0359	2.6	Man convicted in Vatican leaks case	Butler to be tried in "Vatileaks" case
main-news	headlines	2013	0360	2.8	Romney, Paul vie for Maine caucus win	Romney has narrow Maine caucus win
main-news	headlines	2013	0361	3.8	Sectarian clashes rock Lebanese city of Tripoli	Sectarian clashes rock Lebanese city, 3 killed
main-news	headlines	2013	0362	3.4	Repsol blasts Argentina over nationalization of YPF	Repsol blasts Argentina over oil nationalization
main-news	headlines	2013	0363	1.4	Several dead, 550 injured in Argentina train crash	49 feared dead in Buenos Aires train crash
main-news	headlines	2013	0364	4	Aung San Suu Kyi to address British MPs	Burma's Aung San Suu Kyi to address parliament on June visit
main-news	headlines	2013	0365	4	Sheriff: Man recovers stolen car 42 years later	US man recovers car 42 years after theft
main-news	headlines	2013	0366	4	Google CEO says Android important, not critical	Larry Page says Android important, not critical
main-news	headlines	2013	0368	3.6	Iran may cut oil exports to more EU states	Iran MPs say ready to ban oil exports to some EU states
main-news	headlines	2013	0369	0.8	Factory Fires Kill At Least 260 in Pakistan	At Least Six Dead in Pakistan Gunfight
main-news	headlines	2013	0370	0	Australian among four on plane missing in Indonesia	Iranian painter Mansoureh Hosseini dies
main-news	headlines	2013	0371	3.8	Romney vows to restore 'promise of America'	Romney Promises to 'Restore America'
main-news	headlines	2013	0372	0.6	Santorum's 3-year-old daughter hospitalized	'Kony 2012' director hospitalized
main-news	headlines	2013	0374	1.2	Mandela released from hospital	Israeli president released from hospital
main-news	headlines	2013	0376	3.8	Jaya Prada all set to join BJP	Jaya Prada likely to join BJP, Amar Singh to decide for her
main-news	headlines	2013	0378	2.8	Hezbollah's Nasrallah warns US over anti-Islam film	Hezbollah calls for more anti-Islam film protests
main-news	headlines	2013	0380	3.2	Nadal tops Djokovic for 7th French Open title	Tennis: Nadal defeats Djokovic for Monte Carlo title
main-news	headlines	2013	0381	3	Childcare costs rise by nearly 6%	Childcare 'costing £15,000 a year'
main-news	headlines	2013	0382	3.4	Obama urges decisive action on Europe debt crisis	Obama urges Europe to act quickly on crisis
main-news	headlines	2013	0383	1	Beef burger mix recalled over salmonella concerns	Choc powder recalled over salmonella concerns
main-news	headlines	2013	0384	4.2	Obama, Romney Prepare for First Debate	Obama, Romney prepare to debate
main-news	headlines	2013	0385	0.8	First significant gas found offshore Kenya	Raiders kill 38 in latest land clashes in Kenya
main-news	headlines	2013	0386	2.2	Red Cross worker killed in Pakistan	Kidnapped UK aid worker killed in Pakistan
main-news	headlines	2013	0388	3.4	8 rockets fired from Gaza into southern Israel; none hurt	Ten rockets from Gaza land in southern Israel; none hurt
main-news	headlines	2013	0391	1.6	U.S. soldier killed in shooting incident in S. Afghanistan	Five NATO soldiers killed in Afghanistan
main-news	headlines	2013	0392	0.8	Polls close in Egyptian presidential election	Press Releases: Yemeni Presidential Election
main-news	headlines	2013	0393	1.2	Police 'did not link' Savile claims	BBC faces questions for pulling Savile case
main-news	headlines	2013	0394	3.4	Eurozone unemployment stays at record 11 percent	Eurozone unemployment hits record high
main-news	headlines	2013	0395	4.2	James Murdoch quits BSkyB	James Murdoch quits role at BSkyB
main-news	headlines	2013	0396	4.8	Iconic science fiction writer Ray Bradbury dies at 91	Science fiction legend Ray Bradbury dead at 91
main-news	headlines	2013	0397	0.6	Egypt presidential election May 23-24	US presidential election 2012
main-news	headlines	2013	0398	3.4	Four French soldiers killed in Afghan suicide blast	Four foreign soldiers killed in Afghan east
main-news	headlines	2013	0399	4	UN observers find traces of Syrian massacre	UN team investigates Syrian massacre
main-news	headlines	2013	0400	3.6	AP poll: Majority in US have prejudice against blacks	AP Poll: Majority Harbor Prejudice Against Blacks
main-news	headlines	2013	0401	4.2	AP Source: Redskins to trade for No. 2 pick	Redskins trade for No. 2 pick
main-news	headlines	2013	0402	4	China says defense budget to rise 11.2% in 2012	China's defence spending to rise 11.2%
main-news	headlines	2013	0403	0	String of Iraq blasts kills at least 32	Strong Italy Quake Kills at Least Six
main-news	headlines	2013	0404	3.8	Ecuador President Correa says no decision made on Assange asylum	Ecuador yet to decide on Assange's asylum
main-news	headlines	2013	0406	3.8	US offers US$10 mil. for Pakistan militant	US offers $10 million for Pakistani militant chief
main-news	headlines	2013	0407	3.8	6 NATO troops killed in Afghanistan IED attack	6 NATO troops killed in Afghanistan
main-news	headlines	2013	0408	0.8	Osama Bin Laden Wives to Be Jailed	Osama Bin Laden movie to be filmed in India
main-news	headlines	2013	0409	4	Egyptians vote in landmark presidential election	Egyptians go to polls in historic election
main-news	headlines	2013	0410	3.8	JetBlue pilot who disrupted flight declared insane, not guilty	JetBlue pilot who caused disruption on flight not guilty
main-news	headlines	2013	0411	2.2	Tsunami warning: No need for SA to panic	Tsunami warning after Aceh quake
main-news	headlines	2013	0412	4.8	US Hands Over Bagram Prison to Afghan Authorities	U.S. transfers Bagram prison to Afghan control
main-news	headlines	2013	0413	2	Jeremy Hunt distances himself from adviser who 'overstepped the mark'	Jeremy Hunt clings on as SpAd quits over News Corp emails
main-news	headlines	2013	0414	0.4	Obama praises U.S.-Latin America trade ties	Obama Secret Service agents sent home
main-news	headlines	2013	0415	2	Blitzbokke ousted by Fiji	Blitzbokke beaten by NZ
main-news	headlines	2013	0416	0.4	Obama and Romney focus on swing-states	Team Anna yet to decide on contesting state polls
main-news	headlines	2013	0418	0.2	'Grenade attack' kills one and injures at least 11	Sex attack on woman investigated
main-news	headlines	2013	0420	1.4	'Scores of bodies' found in Syria	Eight more bodies found on ship
main-news	headlines	2013	0421	0.8	Shooter charged with murder of US black teen	Thoughts on race relations under a black president
main-news	headlines	2013	0422	1.8	Jonny Bairstow and Eoin Morgan shine for England in Mumbai	Bairstow hits ton in India tour match
main-news	headlines	2013	0424	4.4	How wind farm developers 'use camera tricks to make turbines look smaller than they really are'	Wind farm developers using 'tricks' to make turbines look smaller
main-news	headlines	2013	0425	2.4	US drone kills six militants in Pakistan: officials	US missiles kill 15 in Pakistan: officials
main-news	headlines	2013	0428	2.6	Nigeria: Nigerian troops swarm after 40 killed in student massacre	Nigeria police make arrests after college massacre
main-news	headlines	2013	0429	2.2	Nerves Calmed -- For Now : Markets Jump on Relief over Spanish Bank Bailout	Focus Shifts to Greece After Spain Secures Bank Bailout
main-news	headlines	2013	0430	1.4	Heavy Fighting Reported in Syria's Aleppo	Heavy fighting reported in Damascus
main-news	headlines	2013	0431	1.8	France says Greece must show credibility for eurozone	France's Hollande backs Greece but urges credible reform
main-news	headlines	2013	0432	1.2	Avengers sets box office record	The Hunger Games breaks US box office record
main-news	headlines	2013	0433	1	4 French Soldiers Reported Killed in Afghanistan	British Soldier Killed In Afghanistan
main-news	headlines	2013	0434	3.4	Spanish bailout dilemma gets more acute	Spanish dilemma gets more acute
main-news	headlines	2013	0435	0.6	NATO soldier dies in Afghanistan	Two Aust soldiers wounded in Afghanistan
main-news	headlines	2013	0436	2.4	Chinese stocks open lower Wednesday	China stocks open lower Friday
main-news	headlines	2013	0437	1	Palestinian leadership condemn Israeli FM call to oust Abbas	Palestinian leadership backs Fatah-Hamas Doha deal
main-news	headlines	2013	0438	4.8	Mitt Romney wins Maryland GOP primary	Romney wins Maryland Republican primary
main-news	headlines	2013	0439	3.6	Man finds car on eBay 42 years after it was stolen	Texas man finds his car 42 years after it was stolen
main-news	headlines	2013	0440	3.4	Sylvester Stallone's son found dead in Hollywood	Sylvester Stalloneâ€™s son, Sage Stallone, found dead in Hol
main-news	headlines	2013	0441	2.8	NATO: 4 aid workers rescued from Afghan insurgents	5 aid workers freed in operation in Afghanistan
main-news	headlines	2013	0442	1.8	Russia jails Pussy Riot protest punks for two years	Russian court to rule in Pussy Riot trial
main-news	headlines	2013	0444	4.4	Israel bars German writer Grass from visiting over poem	Israel bars German author Grass over poem
main-news	headlines	2013	0445	1.8	The Note's Must-Reads for August 1, 2012	The Note's Must Reads for Wednesday July 4, 2012
main-news	headlines	2013	0446	2.4	NATO US troop detained over shooting of Afghan civilians	U.S. says saddened by shooting on Afghan civilians
main-news	headlines	2013	0447	1.6	Hollande wins French presidential election	East Timor votes in presidential election
main-news	headlines	2013	0449	1.8	Military: Syria chemical stocks threaten Israel	Russia tells Syria chemical arms threat is unacceptable
main-news	headlines	2013	0450	3.6	Fitch upgrades Ford to investment grade	Fitch restores Ford credit to investment grade
main-news	headlines	2013	0451	2	Syria peace plan conditions “unacceptable,” opposition says	Syria peace dashed as deadline passes
main-news	headlines	2013	0453	2.4	Clashes as Greeks protest against more cutbacks	Clashes erupt as Greek vote nears
main-news	headlines	2013	0454	2.4	9 dead, 11 hurt, 4 missing in Mont Blanc avalanche	6 dead, several missing in Mont Blanc avalanche
main-news	headlines	2013	0455	4.6	Taliban pose as 'attractive women, on Facebook for spying	Taliban soldiers posing as pretty women on Facebook to get troops' secrets
main-news	headlines	2013	0456	1.2	China activist Chen lands in US	Chinese activist renews call to fight injustice
main-news	headlines	2013	0457	3.2	City Room: Empire State Building Shooting	2 dead in shooting outside Empire State Building
main-news	headlines	2013	0458	4.4	Mohamed Morsi sworn in as Eygptian president	Mursi sworn in as Egyptian president
main-news	headlines	2013	0460	1	Attack on Nato base in Afghanistan kills 15	Aid workers freed in Afghanistan raid
main-news	headlines	2013	0461	1	Yemen Suicide Blast, Drone Attack Kill At Least 30	Spate of Iraq attacks kill at least six
main-news	headlines	2013	0462	3	Torres moving on after Olympic bid fails	Torres finishes 4th, misses out on sixth Olympics
main-news	headlines	2013	0464	2.8	Pakistan begins demolition of bin Laden compound	Pakistan demolishes Osama bin Laden hideout
main-news	headlines	2013	0465	3.6	Sudan blames Israel for Khartoum arms fire	Sudan accuses Israel of airstrike on arms factory
main-news	headlines	2013	0466	3.8	House-Senate deal reached on payroll tax measure	Negotiators reach deal on Congress payroll tax cut bill
main-news	headlines	2013	0468	1.4	Tropical Storm Isaac drenches Haiti, swipes Cuba	Tropical Storm Isaac threatens dam
main-news	headlines	2013	0471	2.2	Foreign pro-Palestinian activists seek to enter West Bank	100 pro-Palestinians seek to enter Israel at Allenby
main-news	headlines	2013	0473	3	World stocks rise on hopes for EU, US stimulus	Stocks rise on hopes for a Fed stimulus
main-news	headlines	2013	0474	4	Gore Vidal dead at 86: Legendary author, playwright, and politician dies	Gore Vidal, celebrated author, playwright, dies at 86
main-news	headlines	2013	0476	2.4	World stocks fall before Greek debt deal deadline	Asia stocks fall ahead of Greek debt deal deadline
main-news	headlines	2013	0477	4.2	South Africa police shot dead 30 miners	South Africa police say they killed 30+ miners
main-news	headlines	2013	0478	2.4	Isaac drenches Haiti, heads toward Cuba, Florida	Isaac nears Haiti with homeless quake population
main-news	headlines	2013	0479	1.2	Britain reaches out to Syria opposition	Who cares about the Syrian people?
main-news	headlines	2013	0481	4	Obama relaxes deportation rules for young immigrants	U.S. relaxes deportation rules for young people: Napolitano
main-news	headlines	2013	0482	3.8	Microsoft's Surface a big bet on future: Analysts	Microsoft's Surface tablet promising, but questions remain
main-news	headlines	2013	0483	3.6	'Whitey' Bulger's girlfriend gets 8 years	Mobster "Whitey" Bulger's girlfriend gets 8 years
main-news	headlines	2013	0484	3.8	Mauritanian president shot by army unit	Mauritanian president shot at
main-news	headlines	2013	0486	4.6	Man sets himself on fire at Breivik trial	Man sets self afire outside Breivik trial
main-news	headlines	2013	0487	3.8	U.S. drone strike kills 10 in northwest Pakistan	US drone in Pakistan kills 10 suspected militants
main-news	headlines	2013	0488	5	9,000 U.S. Marines to leave Okinawa	9,000 U.S. Marines to move out of Okinawa: statement
main-news	headlines	2013	0489	1.8	Toys R Us waives fee for layaway program	Wal-Mart lowers fee for holiday layaway program
main-news	headlines	2013	0491	3	Iran expands nuclear enrichment activities: IAEA report	Iran steps up sensitive nuclear work - IAEA
main-news	headlines	2013	0492	3	Donna Summer, Queen of Disco, dies at 63	Donna Summer, the queen of disco
main-news	headlines	2013	0494	4	Iraqi Attacks Kill General, Four Police	Attacks in Iraq kill general and 4 others
main-news	headlines	2013	0495	2.6	At least 80 dead in northwest Iran quakes	180 dead, 1,300 injured in northwest Iran earthquakes
main-news	headlines	2013	0496	5	Brazil's 'pop-star priest' gets mammoth new stage	Brazil's 'Pop-Star Priest' Gets Mammoth New Stage
main-news	headlines	2013	0497	0.6	Washington: More Than 100 Are Charged in Medicare Fraud Sweep	Washington: Court Upholds Voting Rights Act in Alabama Case
main-news	headlines	2013	0498	4.2	Putin claims victory in Russia's presidential election	Putin claims victory in presidential vote
main-news	headlines	2013	0499	1	Clinton ready to fight for Obama	Clinton a tough act for Obama to follow
main-news	headlines	2013	0500	4.4	Romney announces Paul Ryan as running mate	Romney chooses Ryan as GOP running mate
main-news	headlines	2013	0501	2.2	European markets rise on Greek bailout hopes	European Ministers Are Poised to Approve Greek Rescue
main-news	headlines	2013	0502	4.6	Edwards Acquitted on 1 Count, Mistrial on Others	Edwards found not guilty on one count; mistrial on others
main-news	headlines	2013	0503	4.2	Ukrainian weightlifter gets four-year doping ban	Ukraine's Korobka gets four-year doping ban
main-news	headlines	2013	0504	3	Gunman may have filmed school massacre	Killer may have filmed France school shooting
main-news	headlines	2013	0505	1.6	Hong Kong stocks close down 0.28%	Hong Kong stocks open 0.62 pct higher
main-news	headlines	2013	0507	0.8	Suicide bomber attacks Algerian security base	Suicide bomber targets Nigerian church
main-news	headlines	2013	0508	1	Thailand: Iranians planned to attack Israelis	Malaysia to extradite Iranian for attack on Israelis
main-news	headlines	2013	0509	1.2	Israeli military court rejects appeal of Palestinian hunger striker	Israel reaches deal with Palestinian hunger strikers
main-news	headlines	2013	0511	1.6	Avengers sets box office record	'Hunger Games' sets box office records
main-news	headlines	2013	0512	4.2	Putin 'Wins Russian Presidential Election'	Putin 'wins' Russia's presidential election
main-news	headlines	2013	0514	1.4	Putin casts ballot as Russians vote	Putin to win Russia's presidential election
main-news	headlines	2013	0515	4.8	UN Chief Finds His Voice, Remains Cautious on China	Insight: U.N. chief finds his voice, but remains cautious on China
main-news	headlines	2013	0517	3.2	Libyans begin handing in weapons	Libyans transfer weapons to army
main-news	headlines	2013	0518	2.4	British Archbishop of Canterbury changes career to Cambridge	Archbishop of Canterbury to step down amid rifts
main-news	headlines	2013	0519	4.2	Punjab Mail derails near Rohtak, 19 injured	Punjab Mail derails near Rohtak in Haryana, 19 injured
main-news	headlines	2013	0520	4	George Zimmerman 'to be charged' with killing Trayvon Martin	George Zimmerman to be charged in Trayvon Martin case, official says
main-news	headlines	2013	0521	3.8	Indian Maoist rebels offer talks to free Italian hostages	India: Maoist rebels in talks on freeing Italians
main-news	headlines	2013	0522	2.8	Two reported dead in shooting at Empire State Building in NY	City Room: Empire State Building Shooting
main-news	headlines	2013	0523	1	Five dead in Pakistan suicide blast	At least 63 dead in Pakistan factory blaze
main-news	headlines	2013	0524	2.4	Penn State football players react to sanctions	Penn State football slammed with NCAA sanctions
main-news	headlines	2013	0525	0.5	Israel must release or try Palestinian on prolonged hunger strike	Israeli minister wants Palestinian leader's ouster
main-news	headlines	2013	0526	1	UN report says both sides in Syria abuse rights	NATO leader plays down risk of Turkey-Syria clash
main-news	headlines	2013	0527	3.2	Girl accused of burning Koran goes into hiding	Girl accused of burning Koran bailed
main-news	headlines	2013	0531	2.2	France warns Syria over chemical weapons use	U.N. concerned at possible Syria chemical weapons
main-news	headlines	2013	0532	4.4	Life-threatening Midwest storms feared	'Life-Threatening' Storms Feared for Midwest
main-news	headlines	2013	0533	0.8	Chicago teacher strike nears end with 'framework' agreement in place	General strike ends: Histadrut, Treasury reach agreement
main-news	headlines	2013	0534	1.4	Indonesian president to visit UK	Indonesian president to visit Australia
main-news	headlines	2013	0536	4.4	Storm delays start of Republican convention	Storm lashes Florida, delaying Republican convention
main-news	headlines	2013	0538	0.8	At least two Nato killed in Afghanistan helicopter crash: military	At least 18 killed in Afghan bomb attacks: officials
main-news	headlines	2013	0539	2.6	President Mills must quit - Lecturer	President John Evans Atta-Mills Must Resign Now -NPP Germany
main-news	headlines	2013	0540	5	Miami Heat wins NBA Finals	Miami Heat clinches NBA Championship
main-news	headlines	2013	0541	4.2	Japan closes last nuclear reactor	Japan switches off last nuclear power plant this weekend
main-news	headlines	2013	0542	1.2	Ryanair in new bid for Aer Lingus	Ryanair chief hails report findings
main-news	headlines	2013	0543	4.4	Russian Air Force celebrates 100th anniversary	Russian air force's 100th anniversary
main-news	headlines	2013	0544	2.2	6 NATO troops killed in Afghanistan	NATO Soldier Killed in Afghanistan
main-news	headlines	2013	0547	1.6	Not so Super Tuesday for Mitt Romney	Romney leads Santorum in GOP Super Tuesday contests
main-news	headlines	2013	0548	2.4	Putin sworn in as Russian growth falters	Putin sworn in as Russia's president for 6 years
main-news	headlines	2013	0549	3.4	ArQule, Daiichi stop lung cancer trial, shares tank	ArQule stock plunges as lung cancer study shelved
main-news	headlines	2013	0550	1.6	Teenager and father killed in crash	Three killed in horror crash are named
main-news	headlines	2013	0551	4.2	6.1-magnitude quake strikes Indonesia	6.1-magnitude quake hits Papua, Indonesia -- USGS
main-news	headlines	2013	0552	4.2	2 Americans Killed as Afghan Unrest Enters Fifth Day	Two American Officers Murdered As Afghan Unrest Continues
main-news	headlines	2013	0554	0.6	Officials: Romney to get Secret Service protection	Obama addresses Secret Service scandal
main-news	headlines	2013	0555	1	Japan PM calls for quicker tsunami waste processing	Japan marks one year since quake and tsunami disaster
main-news	headlines	2013	0556	1.4	Syrian fighter pilot defects to Jordan	Syrian PM defects to Jordan
main-news	headlines	2013	0557	1.2	Syrian Arab Republic (the): Syrian Arab Republic: Syrian Refugees (as of 28 June 2012)	Syrian Arab Republic (the): More than 70 killed in Syria ahead of Annan return
main-news	headlines	2013	0558	1.2	Suicide bomber kills 16 in Afghanistan	Suicide bomber kills 12 in Nigeria church
main-news	headlines	2013	0560	3.2	Airlines cancel 'flytilla' activists' tickets to TA	UK Airline Cancels 'Flytilla' Tickets on Israel Objections
main-news	headlines	2013	0561	0.2	Spain asks for bank rescue	Spaniard on trial for Cuban dissident’s death
main-news	headlines	2013	0563	1.4	The murky waters of the South China Sea	Peace lies over the South China Sea
main-news	headlines	2013	0564	0.6	Sri Lanka seek one-day revival against Pakistan	Senior journalist killed in Pakistan
main-news	headlines	2013	0565	3.8	SpaceX docks with International Space Station: Up next, public travel?	SpaceX Dragon Docks With International Space Station
main-news	headlines	2013	0567	4	'Million Muppet March' to defend Obama backing of PBS	Million Muppet March planned to defend U.S. backing for PBS
main-news	headlines	2013	0568	1.4	Syrian opposition in reconciliation talks	Syrian Opposition Council to Establish Envoy in France
main-news	headlines	2013	0569	1	Sensex down 193 points on budget blues	Romney won't volunteer budget differences
main-news	headlines	2013	0570	3.6	Facebook boosts size of IPO by 25pc to raise $15bn	Facebook boosts size of IPO by 25 percent
main-news	headlines	2013	0571	4	Iran's Parliament Questions A Dismissive Ahmadinejad	Iran's parliament questions President Ahmadinejad
main-news	headlines	2013	0572	1.6	Yemen suicide attack kills 7 soldiers: officials	Afghan suicide car bomb kills at least seven: officials
main-news	headlines	2013	0576	0.8	Presidential vote polarises Egyptians	GOP presidential hopefuls clash in Southern races
main-news	headlines	2013	0577	1.8	Three more US soldiers killed in Afghanistan	NATO Soldier Killed in Afghanistan
main-news	headlines	2013	0578	0.4	Police raise death toll in bus accident to 8	Rodney King death ruled accidental
main-news	headlines	2013	0579	0.8	Four foreign soldiers killed in Afghan east	2 British soldiers killed in Afghan insider attack
main-news	headlines	2013	0581	3.6	Red Cross worker killed in Pakistan	British Red Cross doctor kidnapped in Pakistan found beheaded
main-news	headlines	2013	0582	3.8	Afghan, US govts sign deal on controversial night raid	Afghans, US sign deal on night raids
main-news	headlines	2013	0583	1.6	China mine accident kills 10	China truck accident kills 20
main-news	headlines	2013	0584	0.4	Australia can eclipse England in Windies	Australian PM defiant under pressure over leadership
main-news	headlines	2013	0585	3.4	Protests at Pussy Riot verdict	Pussy Riot verdict greeted with defiance
main-news	headlines	2013	0586	2.2	Secret Service sees its 'biggest scandal' over prostitutes	Secret Service sex scandal 'regret'
main-news	headlines	2013	0587	3.4	Kuwait: Activists storm Syrian embassy; two injured	Activists storm Syria embassy in Kuwait
main-news	headlines	2013	0588	3.4	Details of Aung San Suu Kyi's visit to Ireland	Rapturous welcome for Aung San Suu Kyi's historic trip
main-news	headlines	2013	0589	2.2	Key says marae visit a lost opportunity	Key wants Waitangi marae visit to stay
main-news	headlines	2013	0590	3.8	Norway marks anniversary of massacre	Norway Marks Anniversary of Breivik's Massacre
main-news	headlines	2013	0592	0	Woman killed by falling debris	When an ally declines
main-news	headlines	2013	0593	1	Aust shares up 1% after interest rate cut	RBA delivers another rate cut
main-news	headlines	2013	0594	2.6	Germany warns Greece: No more money without reforms	Euro zone to Greece: No rescue without reforms
main-news	headlines	2013	0596	3.2	Obama to meet families of shooting victims	Obama to meet Batman gun victims
main-news	headlines	2013	0597	1	Obama widens lead over Romney despite jobs data: Reuters/Ipsos poll	Romney takes lead over Obama with convention "bounce": Reuters/Ipsos poll
main-news	headlines	2013	0599	1.4	Two killed, 19 injured in Toronto shooting	Two dead, 7 injured in Finland shooting
main-news	headlines	2013	0600	3.4	What the Pope's butler saw – aide arrested over Vatican leaks	Pope’s butler arrested in scandal over Vatican leaks
main-news	headlines	2013	0601	3.8	Anti-Putin protesters form human chain in Moscow	Anti-Putin protesters form human chain
main-news	headlines	2013	0603	2.6	Washington's Acts of Congress sells for $9.8M	George Washington's copy of US Constitution sells for $9.8m
main-news	headlines	2013	0604	4.4	Lakers Fire Coach Mike Brown After 1-4 Start	Lakers fire Mike Brown after 1-4 start
main-news	headlines	2013	0605	3.4	Canadian Muslims issue fatwa against 'honor killing'	US, Canadian imams issue fatwa against honour killings
main-news	headlines	2013	0606	3.6	U.N. to take up Syria resolution	UN Assembly to Vote on Syria Resolution
main-news	headlines	2013	0607	4.4	Soldier 'can't recall' massacre	US soldier ‘doesn’t recall massacre’
main-news	headlines	2013	0609	1.2	Libya PM names new cabinet after protests over original	Libyan assembly rejects new cabinet, dismisses PM
main-news	headlines	2013	0610	3.8	4 foreign soldiers killed in Afghan east	4 French Soldiers Reported Killed in Afghanistan
main-news	headlines	2013	0611	2.5	Syrian forces storm central town	Syrian forces bombard Homs, Russia warns of civil war
main-news	headlines	2013	0612	2.2	Pak: 20 dead in anti-Islam film protests	25 injured in anti-Islam film protest in Islamabad, Pakistan
main-news	headlines	2013	0613	1.8	Cause of Whitney Houston's death could take weeks	Investigators seek answers to Whitney Houston's death
main-news	headlines	2013	0614	3.6	N Korea warns of retaliation for South Korea drill	North warns of retaliation for Seoul's naval drill plan
main-news	headlines	2013	0615	1.4	A Tale of Two Passes: How The New York Giants Won The Super Bowl	Lesser of two evils triumphs in Super Bowl
main-news	headlines	2013	0616	3.6	One dead in new Israeli strike on Gaza	Two killed in new Israeli strike on Gaza: medics
main-news	headlines	2013	0617	1	Germany Likely to Press Russia on Syrian Crisis	What is Russia thinking on Syria? A brief guide
main-news	headlines	2013	0618	3.6	Four seriously injured in M23 motorway crash	Four injured in motorway crash
main-news	headlines	2013	0619	2	UN aid chief Amos enters Baba Amr with Red Crescent	Syria's besieged Baba Amr is deserted, Red Cross says
main-news	headlines	2013	0620	1	Dozens killed in Nigerian riots	Dozens killed in Kenyan clashes
main-news	headlines	2013	0621	1.2	Profiles of Egypt's main presidential candidates	Second day of Egyptian presidential election
main-news	headlines	2013	0622	4.4	Actor Gazzara dead at 81	Actor Ben Gazzara dies at 81
main-news	headlines	2013	0623	0.6	British gold rush silences gripes over cost	2 British soldiers killed in Afghan insider attack
main-news	headlines	2013	0624	4.6	Avalanche buries at least 100 Pakistani soldiers	Avalanche buries over 100 Pakistani soldiers
main-news	headlines	2013	0625	4.6	Inflation falls to 15-month low: what the analysts say	Inflation falls to 15-month low
main-news	headlines	2013	0626	3	Komen won't cut Planned Parenthood funding	Susan G Komen in U-turn over Planned Parenthood funding cut
main-news	headlines	2013	0627	2.2	Forex &amp; Gold 25 August 2012	Forex & Gold 19 July 2012
main-news	headlines	2013	0629	2.8	Iran says UN nuclear talks will continue	Iran says nuclear talks with UN 'constructive'
main-news	headlines	2013	0630	4.2	Agribusiness: Mad cow disease found in California	USDA Confirms Case of Mad Cow Disease in California
main-news	headlines	2013	0631	3.6	BP sells some Gulf of Mexico assets for $5.55 bil	BP sells Gulf of Mexico assets to Plains for $5.55 bn
main-news	headlines	2013	0632	3.6	300 potential Jimmy Savile victims: police	UK: 300 potential Savile abuse victims emerge
main-news	headlines	2013	0634	4.6	Armstrong steps down from Livestrong	Armstrong standing down from Livestrong
main-news	headlines	2013	0635	1.8	US drone strike kills 5 militants in Pakistan	U.S. drone strikes kill 16 suspected militants in Yemen
main-news	headlines	2013	0637	1	Syrian govt wont stop attacks	Syrian opposition reports 'massacre'
main-news	headlines	2013	0638	4.6	Chinese stocks close higher midday Friday	Chinese stocks higher at midday Friday
main-news	headlines	2013	0639	3.2	Myanmar: Opposition claims Suu Kyi win	Voters in Myanmar hopeful as Suu Kyi's party claims win
main-news	headlines	2013	0640	1	Obama's poll rating drops in boost for Republican rivals	Obama's big Hispanic win worries Republicans
main-news	headlines	2013	0641	1.2	Two Aust soldiers wounded in Afghanistan	4 foreign soldiers killed in Afghan east
main-news	headlines	2013	0643	1	New Syria opposition chief wants no-strings aid	Syria opposition unites as Israel fires warning shots
main-news	headlines	2013	0646	0.8	South Africa mine clash kills at least 30	South Africa train crash kills 26
main-news	headlines	2013	0647	2.6	Syrian forces bombard Homs, Russia warns of civil war	Syrian forces bombard Homs, Lavrov arrives for talks
main-news	headlines	2013	0648	4.2	Egypt presidential election results delayed	Egyptian election result delayed
main-news	headlines	2013	0649	1.6	Deadline passes with no new Iran sanctions	EU Moves Closer to New Iran Sanctions
main-news	headlines	2013	0650	0.8	Arrested Russian killer denies ties to Pussy Riot	Dozens arrested in Russian TV tower protest
main-news	headlines	2013	0651	2.8	Norway memorial honours 77 massacre victims	Norway marks anniversary of massacre
main-news	headlines	2013	0652	3.8	US Afghanistan general linked to Petraeus scandal	Senior US general linked to Petraeus scandal
main-news	headlines	2013	0654	2	Chinese stocks fall after RRR cut - May 14	Chinese stocks gain at midday Monday
main-news	headlines	2013	0656	2.8	NKorea makes "significant" nuclear reactor progress - IAEA	N. Korea vows to expand nuclear deterrent
main-news	headlines	2013	0657	3.4	Maldives president quits after police mutiny, protests	Maldives president quits after weeks of protest
main-news	headlines	2013	0658	0.8	NATO strike 'kills civilians' in Afghanistan	Two NATO soldiers killed in Afghanistan
main-news	headlines	2013	0659	1.4	Al-Qaida says it captures 70 Yemeni soldiers in Abyan's battle	Al Qaeda clashes, blasts kill 35 soldiers in Yemen
main-news	headlines	2013	0660	3.4	Navy jet crashes into US apartments, pilots eject	U.S. Navy Jet Crashes Into Virginia Apartment Buildings
main-news	headlines	2013	0661	0.8	China stocks open higher Wednesday	US stocks open higher despite GDP miss
main-news	headlines	2013	0662	0	IDF to deploy Iron Dome in Central Israel	Major snowstorm barrels down on Central Plains
main-news	headlines	2013	0663	3	4 Killed in US Drone Strike in Pakistan	U.S. Drone Strike Kills 3 in Pakistan
main-news	headlines	2013	0664	3.4	US teen held in Chicago 'jihad' car bomb plot	Chicago teen arrested in Chicago car bomb plot
main-news	headlines	2013	0665	0.2	PC David Rathband: twin brother's fears for his 'bestest mate'	David Miliband: my brother and a return to old Labour
main-news	headlines	2013	0666	4.4	Syrian forces move to retake Aleppo	Syrian Regime Bids To Retake City Of Aleppo
main-news	headlines	2013	0667	0	20-member parliamentary, trade team leaves for India	Commerce secretary to take leave of absence
main-news	headlines	2013	0669	2	Wall Street Opens Lower	Wall Street Ends Mixed
main-news	headlines	2013	0671	0.8	Europe shares bounce as more China stimulus seen	Oil prices rise on hopes for stimulus
main-news	headlines	2013	0673	4.4	Stock index futures point to lower start	Stock index futures signal early losses
main-news	headlines	2013	0674	1.4	Man charged after MP hurt in attack	Man charged with murder in flat
main-news	headlines	2013	0676	0	Nokia apologises for 'faked' ad	US waives riders for Pak aid
main-news	headlines	2013	0677	3	US drone strike kills 5 militants in Pakistan	Drone strike kills four suspected militants in Pakistan
main-news	headlines	2013	0678	4.4	Syria rebels leave besieged Homs	Syrian rebels retreat from besieged Homs district
main-news	headlines	2013	0679	4	U.S. orders non-essential staff to leave Sudan, Tunisia	US orders non-essential staff to leave Tunisia, Sudan
main-news	headlines	2013	0680	4.6	Egypt's Mubarak critical	Egypt's Mubarak in critical condition
main-news	headlines	2013	0683	3.33333333333333	Assad says mercenaries are behind Syria unrest	Assad Accuses US of Fueling Syrian Uprising
main-news	headlines	2013	0685	0	Japan PM dissolves lower house for election	Iran and world powers set for nuclear talks
main-news	headlines	2013	0686	2	Two killed in new Israeli strike on Gaza: medics	5 die in strikes on Gaza, militants barrage Israel
main-news	headlines	2013	0687	3.2	Navy jet crashes into Virginia buildings, injuring six	Navy jet crashes into Virginia apartments,9 hurt
main-news	headlines	2013	0688	3.2	One NATO soldier killed in S. Afghanistan	British soldier killed in southern Afghanistan
main-news	headlines	2013	0689	4.2	Spain jobless rate hits new high	Spain's jobless claims hit new high
main-news	headlines	2013	0691	3.6	Turkey scrambles jets near border	Turkey scrambles jets to Syrian border
main-news	headlines	2013	0693	0	Two die in Syria violence after UN monitors land	Two year doping ban for Contador
main-news	headlines	2013	0695	1	Civilian, defector killed in Syria, says NGO	Syria gunmen kill three Syrian officers: NGO
main-news	headlines	2013	0697	1.2	Taiwan rattled by strong earthquake	China rocked by twin earthquakes
main-news	headlines	2013	0698	2.8	Bank of England's Paul Tucker tainted by Libor mess	Bank of England deputy denies ordering rate-rigging
main-news	headlines	2013	0700	4.4	Red Cross says negotiating halt to fighting in Syria to take aid	Red Cross negotiating Syria ceasefire to bring aid
main-news	headlines	2013	0701	0.8	Syrian forces shoot civilians on bus	Syrian forces, rebels clash near Turkey
main-news	headlines	2013	0702	4.4	German parliament overwhelmingly backs Greek rescue deal	German parliament endorses Greek bailout
main-news	headlines	2013	0703	3.4	Bombings, clashes continue in Syria	Bombings, clashes as Syria opposition seeks arms
main-news	headlines	2013	0705	2.4	Burma's reforms bring easing of U.S. sanctions	Burma activists say go slow on easing sanctions
main-news	headlines	2013	0706	0.2	Usain Bolt wins 200m – Steven Howard reaction	Facebook mobile gains drive revenue growth: reaction
main-news	headlines	2013	0707	0.4	Dozens dead in Taliban resort attack	'India police name 3 Iranians in embassy attack'
main-news	headlines	2013	0708	3.8	Heavy fighting rocks eastern Syria ahead of poll	Heavy fighting rocks eastern Syria - residents
main-news	headlines	2013	0709	2.8	China yuan weakens to 6.3282 against USD Monday	China yuan retreats to 6.2697 against USD Thursday
main-news	headlines	2013	0710	1.4	7 dead in Christian school shooting	5 wounded in Ohio school shooting
main-news	headlines	2013	0711	3.2	Indonesia anti-terror squad kills two suspected militants	Indonesia police shoot dead suspected militants in Bali
main-news	headlines	2013	0712	4	US Election: Mitt Romney concedes defeat as Barack Obama wins second term	Romney concedes election to Obama in phone call
main-news	headlines	2013	0713	3.2	Armenians vote in parliamentary elections	Armenia's parliamentary vote a test for president
main-news	headlines	2013	0717	1.6	Sachin Tendulkar is sworn in as Indian senator	MP Sachin Tendulkar says no to govt bungalow
main-news	headlines	2013	0719	3.6	Navy Jet Crashes Into Apartment Building	U.S. Navy Jet Crashes Into Virginia Apartment Buildings
main-news	headlines	2013	0720	1.5	Romney wins big in Puerto Rico primary	Romney wins Illinois primary
main-news	headlines	2013	0721	4.2	Yahoo! to name Google's Mayer as CEO: report	Yahoo names Google exec Mayer as CEO
main-news	headlines	2013	0722	2	US soldier accused of Afghan massacre hires prominent criminal lawyer	US soldier accused of killing Afghan civilians identified
main-news	headlines	2013	0723	1.6	6.0-magnitude quake hits northern Italy: USGS	5.9-magnitude quake hits Sunda Strait, Indonesia: USGS
main-news	headlines	2013	0724	4.4	US gov't officially designates Haqqani network as terrorists	US designates Haqqani network as terrorists
main-news	headlines	2013	0725	3	Motor Racing: Button fastest in year's first F1 practice	Button boasts best time after first practice
main-news	headlines	2013	0726	4.8	Rangers voted into Division Three	Rangers voted into third division
main-news	headlines	2013	0728	4.2	Newark mayor saves neighbor from fire	Newark mayor rescues neighbor from burning house
main-news	headlines	2013	0730	2.25	F1 protests in Bahrain	A day of rage in Bahrain
main-news	headlines	2013	0731	3	New York Stock Exchange to reopen Wednesday	DealBook: Stock Exchanges Prepare to Open
main-news	headlines	2013	0733	2.6	Homs mortar fire kills 105	Homs offensive kills 200
main-news	headlines	2013	0734	2	Hundreds honor student killed in Ohio shooting	Funeral set for Ohio shooting victim
main-news	headlines	2013	0735	3	Bombs in southern Thailand kill 5, wound 50	Bombs in Thailand kill 14, wound 340
main-news	headlines	2013	0736	0.2	US lawmakers take next step on new Iran sanctions	Somalia lawmakers to vote for new president
main-news	headlines	2013	0737	0.4	Barack Obama admits US has 'more nuclear weapons than we need'	French gunman wants to 'die with weapons in hands'
main-news	headlines	2013	0738	1.8	2 rockets hit in the Eshkol region; no injuries	10 rockets in 20 minutes in Eshkol Regional Council
main-news	headlines	2013	0739	0.6	'Betrayed' disabled workers protest against Remploy closures	May Day marked by protests against austerity cuts
main-news	headlines	2013	0740	4	DR Congo rebels kill park rangers	Rebels kill two park rangers in eastern Congo
main-news	headlines	2013	0741	0.8	Nine Pakistani troops killed in militant ambush	Trade: Pakistan, India agree to take it a step ahead
main-news	headlines	2013	0742	3.2	74 dead in Egypt soccer violence	At least 73 die in Egyptian soccer pitch invasion
main-news	headlines	2013	0743	0.2	Unrest in tense Nigeria leaves at least 95 dead	Southwest China quakes kill at least 50
main-news	headlines	2013	0744	3	Hurricane Sandy makes landfall in southeastern Jamaica: NHC	Hurricane Sandy reaches Jamaica
main-news	headlines	2013	0746	1.5	Remarks With Prime Minister Elkeib After Their Meeting	Remarks With Foreign Minister Koichiro Gemba
main-news	headlines	2013	0749	1.2	Barrick in talks with China firm over African assets	Obama aide holds talks in China after Syria veto
main-news	headlines	2013	0016	4.4	Netanyahu set to call early vote	Israel's Netanyahu set to call early vote
main-news	headlines	2013	0030	1.8	Annan, UN chief call on Security Council to act on Syria	Russia, China veto UN Security Council resolution on Syria
main-news	headlines	2013	0031	4	Green Lantern to be reintroduced as gay by DC Comics	Green Lantern to be relaunched as gay superhero
main-news	headlines	2013	0032	1	Military plane crashes in south France: authorities	Military plane crashes in southeastern Turkey, 1 dead
main-news	headlines	2013	0041	0.6	Saudi gas truck blast kills at least 22	Nigeria church blast kills at least 12
main-news	headlines	2013	0057	4.6	Coty launches $10 billion bid for rival Avon	Coty bids $10 billion for Avon
main-news	headlines	2013	0072	1.8	Greece votes in crucial election	Greece looks set for repeat election
main-news	headlines	2013	0078	1.2	Iran warns Moscow nuclear talks could stall	Iranians “confess” to nuclear scientist murders
main-news	headlines	2013	0079	4.6	Mohamed Morsi sworn in as Eygptian president	Mohamed Morsi sworn in as Egypt's President
main-news	headlines	2013	0085	1.4	1 person killed in sectarian clashes in Lebanon	Nine killed in Syrian-linked clashes in Lebanon
main-news	headlines	2013	0088	3.2	IAF strike Gaza terror hubs	IAF strikes Gaza terror cell; 1 dead
main-news	headlines	2013	0096	2.8	US senators penalize Pakistan for jailing doctor who aided CIA	US decries Pakistan doctor's fate
main-news	headlines	2013	0108	0.8	Syrian envoy to Cyprus defects to Qatar	Syria deploys more troops despite peace deal
main-news	headlines	2013	0118	3.8	Dali painting stolen from gallery	Salvador Dali painting snatched from New York gallery
main-news	headlines	2013	0127	3.8	Annan urges end to Syria violence, minister defects	Annan urges end to Syrian violence
main-news	headlines	2013	0136	4.2	Colorado shooting suspect was in therapy	Lawyers: Colo. shooting suspect is mentally ill
main-news	headlines	2013	0137	1.6	Suicide bomber kills 4 near NATO's Afghan HQ	Suicide bomber kills 23 at Afghan wedding
main-news	headlines	2013	0146	3.8	PM in Tehran, asks NAM to take clear stand on Syria	Manmohan in Tehran, asks NAM to take a stand on Syria
main-news	headlines	2013	0149	1.4	Senators can return to playoffs with victory	Messi scores 4 to send Guardiola off with victory
main-news	headlines	2013	0155	3.6	South Africa train crash kills at least 19	South Africa train crash kills 26
main-news	headlines	2013	0161	1.8	Civilians Bear Brunt of Afghan Attacks	Taliban launch coordinated Afghan attacks
main-news	headlines	2013	0164	3.8	Russia, China veto UN resolution on Syria endorsing	Russia, China veto U.N. draft backing Arab plan for Syria (Reuters)
main-news	headlines	2013	0170	0.2	Syrians trade blame over blasts	Israel braces for Arab protests
main-news	headlines	2013	0210	1.6	Israeli Leader Puts Off Evicting Settlers From Hebron House	Israeli army orders settlers out of Hebron house
main-news	headlines	2013	0211	0.4	Government promises action on Heathrow queues	Finance minister promises no new taxes
main-news	headlines	2013	0221	2.33333333333333	Egyptian president moves into Mubarak's old office	Egypt's President-Elect Morsi Starts to Form Government
main-news	headlines	2013	0223	0.4	Japan falls silent to mark 311 tragedy	Japan thanks Taiwan for quake aid
main-news	headlines	2013	0228	3.6	Syrian troops kill 35 in Damascus suburb	Activists: Syrian troops kill dozens near Damascus
main-news	headlines	2013	0235	3.4	Suspicious object found in Tel Aviv not explosive device	Police treat suspicious object at Tel Aviv bus station
main-news	headlines	2013	0242	2.6	At least 15 killed in Nigeria church attack	At least 12 killed in Nigeria church bombing
main-news	headlines	2013	0253	2.2	US drone strike kills 8 militants	US drone strike kills four in NWA: officials
main-news	headlines	2013	0258	2.6	Obama endorses same-sex marriage	Obama's delicate dance on same-sex marriage
main-news	headlines	2013	0272	4.8	Jordan Opens First Tent Camp for Syrian Refugees	Jordan Opens First Refugee Camp for Syrians
main-news	headlines	2013	0294	4.8	Eurozone backs Greek bailout	Eurozone agrees Greece bail-out
main-news	headlines	2013	0298	4.8	Two blasts hit Syria capital	Two blasts rock Syrian capital
main-news	headlines	2013	0307	2.6	Barack Obama's personal evolution on same-sex marriage	Obama backs same-sex marriage
main-news	headlines	2013	0326	1.6	Police disperse protest in east Sudan - witnesses	Police disperse east China chemical plant protesters
main-news	headlines	2013	0331	2.2	2 pro-Palestinian activists arrested at B-G Airport	Dozens of 'flytilla' activists protest at Paris airport
main-news	headlines	2013	0336	1	Spanish jobless rate soars past 25 per cent	US jobless rate seen rising, offering Obama no relief
main-news	headlines	2013	0353	1.2	Israeli PM makes case on Iran to US voters	Israel blames Iran for attacks on its diplomats
main-news	headlines	2013	0354	3.4	Music Industry Pays Tribute to Whitney Houston	Music industry mourns Whitney Houston
main-news	headlines	2013	0377	0.6	Five dead in Pakistan suicide blast	Over 120 dead in Pakistan factory blaze
main-news	headlines	2013	0387	3.2	At CPAC, Mitt Romney Stresses Conservative Credentials	CPAC 2012: Mitt Romney Struggles to Connect with Conservative Base
main-news	headlines	2013	0389	3.2	Glorious triple-gold night for Britain	Britain savors golden night on track
main-news	headlines	2013	0419	1.8	Toulouse siege: Police surround flat of 'Islamic warrior' suspected of being serial killer	Toulouse shooting: France was on the highest level of security of security alert
main-news	headlines	2013	0426	1.2	Wigan 3-2 Wolves: Match report, pictures & video highlights	Arsenal 0-0 Chelsea: Match report, pictures & video highlights
main-news	headlines	2013	0427	1.6	UK spends £3m on foreign prisons	US spends $50m on carp invasion
main-news	headlines	2013	0448	4.8	Lance Armstrong drops fight against doping charges	Lance Armstrong calls it quits in fight against doping charges
main-news	headlines	2013	0467	3.6	Prince Philip hospitalised in London	Britain's Prince Philip hospitalised, to miss jubilee
main-news	headlines	2013	0469	3.8	'Desperate Housewives' Actress Kathryn Joosten Dies	'Housewives' actress Kathryn Joosten dies at 72
main-news	headlines	2013	0470	3	Gaza rockets lands in Ashkelon Coast area; none hurt	Rocket fired from Gaza damages home in Sderot; none hurt
main-news	headlines	2013	0475	3.6	Egypt's Coptic Pope Shenuda III dies	Egypt prepares to bury Coptic Pope Shenuda III
main-news	headlines	2013	0490	4.4	EU Set for New Sanctions on Iran	EU plans major new sanctions against Iran
main-news	headlines	2013	0493	2	Assad meets with Red Cross officials in Syria	Assad makes Red Cross pledge
main-news	headlines	2013	0528	2.4	Manchester United slashes price for US IPO	Manchester United Reveal Share Price Details
main-news	headlines	2013	0530	3.2	Soggy solstice: Stonehenge gets soaking	Summer solstice celebrated at Stonehenge despite rain
main-news	headlines	2013	0535	3.4	ICC lawyer detained in Libya on security concerns	ICC lawyer held in Libya faces 45-day detention
main-news	headlines	2013	0537	2.8	Freight train derails, catches fire in Columbus, Ohio	Freight train derailment, explosion prompts evacuation
main-news	headlines	2013	0545	3.2	China yuan weakens to 6.3282 against USD Monday	China's yuan weakens against USD for third day
main-news	headlines	2013	0553	1.8	Breivik complains of 'ridicule'	Breivik: Jail term 'ridiculous'
main-news	headlines	2013	0566	2.8	Romney rocked by secret video	Romney taped at secret donor talk
main-news	headlines	2013	0580	3.4	Eurozone agrees to lend Spain up to $125 billion	Eurozone to lend Spain up to 100 bil. euros
main-news	headlines	2013	0591	4.6	South Korean economic growth falls to 3-year low	S. Korean economic growth falls to near 3-year low
main-news	headlines	2013	0598	3.8	Russia, China Veto UN Resolution on Syria	Russia, China veto UN resolution on Syria killings
main-news	headlines	2013	0602	1.6	Juror: Sandusky appeared to accept his fate	Jerry Sandusky convicted of child sexual abuse
main-news	headlines	2013	0633	0.8	Romney leads rivals, not Obama, in fundraising	Romney: I left all management of Bain in 1999
main-news	headlines	2013	0636	1	9/11 defendants ignore judge at Guantanamo hearing	Sept. 11 defendants enrage families at hearing
main-news	headlines	2013	0645	2.6	Egyptians vote to pick president for first time	Egyptians wait for key presidential vote results
main-news	headlines	2013	0668	4.2	Sly Stallone's Sone Sage Found Dead in LA	Sylvester Stallone's Son Found Dead At Home
main-news	headlines	2013	0670	4.4	Clinton: US, Europe must do more against tyrants	Clinton: US, Europe Must Work to Defeat Tyrants
main-news	headlines	2013	0682	2.2	Romney, Obama clash on tax, economy in first debate	Obama and Romney take stage for first debate
main-news	headlines	2013	0690	2.6	Roadside bomb kills 10 Afghan civilians: police	Roadside bomb kills 5 Afghan policemen
main-news	headlines	2013	0694	2.8	Remarks by the President at the White House Science Fair	The Presidential Planner - The White House Science Fair
main-news	headlines	2013	0696	4	Malawi confirms president's death	Malawi confirms President Mutharika's death
main-news	headlines	2013	0716	3.2	Venezuela's Chavez in Cuba for 3rd anti-cancer treatment	Venezuelan leader returning to Cuba for treatment
main-news	headlines	2013	0718	0	Residents near Gaza instructed to stay near shelter	Best’s great day brings West Indies cheer
main-news	headlines	2013	0727	1.8	Syria in ceasefire observers call	Syrian ceasefire brings uneasy calm
main-news	headlines	2013	0729	0	Spurs get revenge on Lakers, lead West	Abduct Israelis to free prisoners, Gaza leaders say
main-news	headlines	2013	0732	2.6	China's CPI growth slows to 1.8 pct in July	China's industrial output growth slows to 9.2 pct in July
main-news	headlines	2013	0745	2.75	Gaza militants fire 40 rockets into Israel, 3 hurt: police	Gazans fire four rockets into Israel; no injuries
main-news	headlines	2013	0747	3.2	Iraq Releases Suspected Hezbollah Operative Wanted By U.S.	Iraq Said to Release Hezbollah Operative
main-news	headlines	2013	0010	1.4	Tropical storm heads for pass along Honduras coast	Tropical storm warnings for Southeast coast
main-news	headlines	2013	0019	0.75	Suicide bomber kills 12 in Nigeria church	Suicide bomber kills 21 in NW Pakistan
main-news	headlines	2013	0028	3.4	US says ready to help blind Chinese activist	U.S. ready to help Chinese activist: official
main-news	headlines	2013	0034	4.8	Gazans fire 2 rockets into Israel; no injuries	2 Gaza rockets hit Israel; no injuries
main-news	headlines	2013	0052	0.4	Berri says ready to help launch national unity government	The perception of Spain has changed dramatically with this government
main-news	headlines	2013	0054	1.8	13 dead in Iraq bomb attacks	16 killed in north Iraq attacks
main-news	headlines	2013	0061	2.4	Hurricane Isaac Moves Inland After Landfall	Hurricane Isaac batters US coast near New Orleans
main-news	headlines	2013	0065	1.6	Nigeria mourns over 193 people killed in plane crash	Nigeria opens probe into deadly air crash
main-news	headlines	2013	0082	3.2	ICC jails Congolese warlord for 14 years over child soldiers	Congolese warlord sentenced to 14 years in landmark case - video
main-news	headlines	2013	0103	0.4	7 soldiers killed, 56 injured in PKK attack in eastern Turkey	3 killed, 14 injured in attacks in Iraq
main-news	headlines	2013	0116	4	Schiphol airport partly evacuated after bomb threat	Schiphol airport evacuated due to bomb threat
main-news	headlines	2013	0132	0.8	MIER ups 2012 growth forecast to 4.2pc	CMIE cuts 2012-13 growth forecast to 6.3%
main-news	headlines	2013	0166	1.4	Activists: Syrian troops storm Damascus suburb	Activist says Syrian citizen cameraman killed in Homs
main-news	headlines	2013	0190	1.8	Tehran: EU sanctions won't force Iran into nuclear talks	Low expectations for Iran nuclear talks
main-news	headlines	2013	0191	2.2	Portugal Drownings: UK Girl And Grandad Named	British Girl And Grandad Drown In Portugal
main-news	headlines	2013	0216	3.2	Iran, powers set for high-stakes nuclear talks	U.S., Iran prepare for Istanbul nuclear talks
main-news	headlines	2013	0218	1.2	Syrian forces kill teen in Aleppo protests	Syrian forces kill 3 protesters in Damascus-activists
main-news	headlines	2013	0251	1.25	Jaguar to create 1,100 jobs in UK	Royal Mail to create 1,000 jobs
main-news	headlines	2013	0259	4.2	Iraq searches Syria bound Iran plane: officials	Iraq searches Syrian-bound Iranian plane
main-news	headlines	2013	0268	2.6	Syria fighting rages as Russia urges Western re-think	Syria fighting rages in capital, Russia pressed
main-news	headlines	2013	0270	3.6	Erdogan's party submits plan for Turkish presidency	Erdogan's party aims for Turkish presidency
main-news	headlines	2013	0285	0.4	Publisher acquitted in privacy case	PBS publishes new guidelines on impartiality
main-news	headlines	2013	0291	0	Samsung overtakes Nokia in phones	Charges over dog attack on police
main-news	headlines	2013	0293	5	Gu Kailai murder trial ends in China	Gu Kailai's Murder Trial Ends in China
main-news	headlines	2013	0305	4.4	Not 'hiding the ball' on Russia: Obama	Obama says he's not 'hiding the ball' on Russia
main-news	headlines	2013	0309	4.8	England captain Andrew Strauss retires from professional cricket	England captain Strauss retires from cricket
main-news	headlines	2013	0316	3.6	China backs Sri Lanka on UN resolution	War crimes: China backs Lanka on UN resolution
main-news	headlines	2013	0325	3.8	Ton up: Tendulkar reaches 100th international hundred	Sachin Tendulkar's reaches 100 centuries - in pictures
main-news	headlines	2013	0335	0.2	Conspiracy against me - Lance	Day begins amid panic
main-news	headlines	2013	0367	3.8	Mursi takes oath of office, becomes Egyptian president	Morsi to take oath as first Egypt civilian president
main-news	headlines	2013	0373	2.2	Syrian opposition pleads for criminal court action	Syrian opposition leader criticizes U.S.
main-news	headlines	2013	0375	4	Sunderland 2-2 Bolton: Davies double gets Trotters a point but they stay in bottom three	Sunderland 2-2 Bolton: Davies in at the double
main-news	headlines	2013	0379	2.6	Syrian forces shell towns, clash with rebels	Syrian forces and rebels clash in coastal province
main-news	headlines	2013	0390	0.6	Bahraini protesters and police clash after funeral	Greek protesters, police clash as bailout deal in limbo
main-news	headlines	2013	0405	4.4	Apple buying security firm AuthenTec for $356 million	News Summary: Apple buying AuthenTec for $356M
main-news	headlines	2013	0417	4	Trade newspaper Variety up for sale	Hollywood trade publication Variety put up for sale
main-news	headlines	2013	0423	0.8	Australians flee homes amid floods	Australian speaker steps aside
main-news	headlines	2013	0443	2	Germany dodges recession with growth in first quarter	Eurozone avoids recession in Q1, thanks to Germany
main-news	headlines	2013	0452	1.4	Asian stocks rise after Greek vote eases fears	Oil rises after Greek election result
main-news	headlines	2013	0459	3	British soldier killed in southern Afghanistan	Two British soldiers killed in Afghanistan
main-news	headlines	2013	0463	0.6	Obama silent on China dissident	Obama to visit Korean DMZ
main-news	headlines	2013	0472	2	Suicide Bomber Kills 6 in Afghan Capital	Suicide bomber kills 37 at mosque in Afghanistan
main-news	headlines	2013	0480	4.6	Denver shooting: Police to detonate devices in suspect's home	Police to detonate devices in Colorado shooting suspect's home
main-news	headlines	2013	0485	1.4	Syria hands over bodies of journalists	Syria TV says govt troops free captive journalists
main-news	headlines	2013	0506	4.5	Coroner: Whitney Houston died in bathtub	Coroner confirms Whitney Houston found in bathtub
main-news	headlines	2013	0510	0.8	Japan suffers severe flooding - in pictures	Oklahoma wildfires destroy homes - in pictures
main-news	headlines	2013	0513	0	Japan to deport Chinese held over island landing	German court weighs delay to euro fund ruling
main-news	headlines	2013	0516	4.4	Some Syria violence amounts to civil war-Red Cross	Some Syria violence qualifies as civil war -Red Cross
main-news	headlines	2013	0529	1	Romney Wins Nevada Caucus	Romney shifts focus to Santorum ahead caucuses
main-news	headlines	2013	0546	3.4	Apple iPad mini makes debut	Apple iPad mini makes debut in Asia
main-news	headlines	2013	0559	0.6	Hamas hangs three Gaza prisoners	Myanmar announces release of prisoners
main-news	headlines	2013	0562	1	East Timor votes in presidential election	Venezuelans urged to vote in presidential election
main-news	headlines	2013	0573	2.8	Sunday Times journalist Marie Colvin killed in Syria	Sunday Times journalist, French photographer 'killed in Syria'
main-news	headlines	2013	0574	1.6	KL shares higher at mid-afternoon	KL shares lower at mid-morning
main-news	headlines	2013	0575	2.4	Chicago teachers strike in bitter contract dispute	Chicago teachers union delegates could end strike
main-news	headlines	2013	0595	0.8	Israel to free Palestinian hunger striker	Israel asks US for arms that could aid Iran strike
main-news	headlines	2013	0608	4.4	Not a good beginning: Hollande's plane hit by lightning en route to Berlin	French President Francois Hollande's plane hit by lightning en route to Berlin
main-news	headlines	2013	0628	4.8	Afghan Parliament Votes to Oust Key Ministers	Afghan parliament votes to remove key ministers
main-news	headlines	2013	0642	3.4	Attacker in Afghan uniform kills 2 NATO troops	Man in Afghan army uniform kills NATO soldier
main-news	headlines	2013	0644	3.8	Cheap generics no panacea for India’s poorest	Cheap cancer drugs no cure for India's poorest
main-news	headlines	2013	0653	4.5	'Arrest warrant' for Maldives ex-president	Maldives court issues arrest warrant for former president
main-news	headlines	2013	0655	2.2	HRW: Jordan turning away Palestinian refugees from Syria	Report: Jordan biased over Palestinians from Syria
main-news	headlines	2013	0672	4	Syrian forces overrun rebel stronghold	Syria army takes northern rebel stronghold
main-news	headlines	2013	0675	1	Chinese stocks close higher midday Friday	Chinese stocks open lower Friday
main-news	headlines	2013	0681	2.6	Sandy slams into Northeast; at least 18 dead, 7.4M without power	Eastern U.S. storms leave 2 dead in Va., 2 million without power
main-news	headlines	2013	0684	1	Putin Declares Victory in Russia Presidential Vote	Complaints in Russian election mount
main-news	headlines	2013	0692	1.4	Supreme Court to Hear Voting Rights Act Case	Supreme Court to hear corporate human rights case
main-news	headlines	2013	0699	4	Libya postpones assembly election to July 7	Libya postpones landmark election to July 7
main-news	headlines	2013	0704	4.2	London 2012 Olympics Opening Ceremony 'to feature a green and pleasant land'	London 2012 Olympics: Opening Ceremony to be a 'green and pleasant land', says Danny Boyle
main-news	headlines	2013	0714	3.8	Pakistan blocks Twitter over anti-Islamic material	Pakistan blocks Twitter over 'blasphemy'
main-news	headlines	2013	0715	3.8	Annan to visit Syrian refugees in Turkey Tuesday	Annan to visit Syrian refugees in Turkey before Iran
main-news	headlines	2013	0748	2.4	Pakistani PM shocked at avalanche trapping army personnel	Pakistan avalanche: rescuers search for buried soldiers
