main-captions	images	2015	0003	4.40	A pair of dogs playing with a purple ball.	Two dogs play with purple football.
main-captions	images	2015	0004	0.60	a bird lands in the water.	a boat floats in the water.
main-captions	images	2015	0007	4.60	Three children stand on or near a fence.	The three children are standing on and by a fence.
main-captions	images	2015	0008	4.80	A black dog emerges from the water with a white ball in its mouth.	a black dog walking out of the water with a white ball in his mouth.
main-captions	images	2015	0011	0.40	A girl in a purple shirt and pink headband posing	A young girl wearing a hat and blue jeans is on a swing.
main-captions	images	2015	0013	0.00	A brown dog digging a hole in front of a plant	A group of people walking on the side of a railroad track.
main-captions	images	2015	0015	4.60	The brown and white dog swims in a swimming pool.	A brown and white dog swims in a backyard swimming pool.
main-captions	images	2015	0017	0.00	A boy in a red sled is riding down the hill.	A multicolour dog in a red collar crouching on the grass.
main-captions	images	2015	0023	4.00	A black and brown dog runs through the woods.	A dog running through the woods.
main-captions	images	2015	0025	4.40	The two dogs are running on the grass.	Two dogs are playing in the grass.
main-captions	images	2015	0032	0.60	A young girl holds up a peace sign.	A little girl holds onto a pole on a city street.
main-captions	images	2015	0033	0.60	A man is hanging by a line off a cliff above water.	Man sitting by himself on a pier with a bottle of water.
main-captions	images	2015	0034	4.60	A man crouching and holding a camera.	The crouching man is holding a large camera.
main-captions	images	2015	0036	2.60	Man riding a bicycle down a narrow path.	A man riding a unicycle down a paved road
main-captions	images	2015	0037	0.60	A man wearing an orange coat speaks to another as they walk in the snow.	A man and woman dressedin old fashion clothing sit outside at a table.
main-captions	images	2015	0042	4.00	A dog is jumping up in the air to catch a toy.	A black dog jumps in the air to catch a toy.
main-captions	images	2015	0045	0.00	A brown dog laying on a blue cover.	A person is diving into clear blue water.
main-captions	images	2015	0046	0.00	The two boys play in the field.	The two people have their heads covered with scarves.
main-captions	images	2015	0059	2.20	The two dogs are running through the grass.	Three dogs run in the snow.
main-captions	images	2015	0063	4.00	A boy with a broken arm is resting in a bed.	A boy with a broken arm is sleeping.
main-captions	images	2015	0066	4.80	boy doing tricks on a skateboard	A boy does a trick on a skateboard.
main-captions	images	2015	0077	2.60	Three dogs playing in the snow.	Three dogs are playing in the water.
main-captions	images	2015	0078	1.20	A little girl with a ribbon in her hair is picking her nose.	A little girl in a purple shirt and helmet is riding on a scooter.
main-captions	images	2015	0085	1.80	A young girl going down a tube slide.	A young girl swinging off a tire swing
main-captions	images	2015	0089	2.60	Many people are in the bicycle racing, including one man in a three-wheeled bike.	A man riding on a three-wheeled wheelchair.
main-captions	images	2015	0093	0.80	A group of people are wearing bunny ears.	A group of people ride in a race
main-captions	images	2015	0096	4.00	A dog in a "superman" shirt sleeps on a blanket.	A brown dog in a Superman shirt is laying on a blue blanket.
main-captions	images	2015	0101	4.80	The white and brown dog runs across the grass.	A brown and white dog runs across the grass.
main-captions	images	2015	0108	3.80	A brown dog is resting its paws on a laptop keyboard.	A dog sits with its paws on a laptop computer.
main-captions	images	2015	0109	2.60	A young girl with glasses sits and holds two American flags.	A girl in glasses is looking over two American flags near a wooded area.
main-captions	images	2015	0110	3.00	A small white and brown dog is jumping over a horizontal pole.	a brown and white dog jumping over a red and yellow pole
main-captions	images	2015	0118	4.80	Two dogs are running through a grassy area.	Two dogs running through a grassy field.
main-captions	images	2015	0123	1.60	A man is swinging on a rope above the water.	A man in warm clothes swinging on monkey bars at night.
main-captions	images	2015	0125	4.60	Two Asian men and Asian woman sit in black massage chairs.	Two Asian men and a woman are relaxing in massage chairs.
main-captions	images	2015	0129	5.00	A girl playing is a pile of colorful balls.	A little girl plays in a pit of colorful balls.
main-captions	images	2015	0133	0.00	An older man is standing outside in front of a truck.	A woman dressed in green is roller skating outside at an event.
main-captions	images	2015	0135	4.60	Smiling man with reflective classes.	A gentleman smiling and showing his reflective sunglasses.
main-captions	images	2015	0136	4.80	five people standing on a sidewalk	Five people on a sidewalk.
main-captions	images	2015	0142	1.40	The white dog runs across the snow.	A white bear walks along snow-covered ground and casts a shadow on the snow.
main-captions	images	2015	0146	1.20	A young boy in a brown jacket playing with snow.	Two dogs are playing in the snow.
main-captions	images	2015	0151	2.40	A man picking up a big rock.	A woman picking up a large rock.
main-captions	images	2015	0152	4.60	A white and brown dog is running over grass.	A brown and white dog is running across the grass.
main-captions	images	2015	0157	0.00	Man is carrying a tool box down the sidewalk.	A woman is riding a blue bicycle in a park.
main-captions	images	2015	0158	3.40	A man wearing a t-shirt that says "Gigolo" stands at the counter talking to someone.	A man wearing a shirt that says "Gigolo" is standing at a front desk area with his back to the camera.
main-captions	images	2015	0159	0.00	A tent and a campsite in a sunlit forest.	A white dog on a beach is carrying a stick in its mouth.
main-captions	images	2015	0160	4.20	Two large dogs running in some grass.	Two brindle dogs running in the grass.
main-captions	images	2015	0161	2.60	A dog swimming with a stick in it's mouth.	A dog running with a stick in it's mouth.
main-captions	images	2015	0173	2.33	A man playing fetch with two brown dogs.	A woman plays with a brown dog.
main-captions	images	2015	0176	3.60	a dog is running across the sand with a stick in it's mouth.	A dog is running through a creek with a stick in its mouth.
main-captions	images	2015	0177	3.40	A man is standing in water near a waterfall.	A man wades in the water and watches a water fall.
main-captions	images	2015	0184	3.00	A tan dog jumps up to catch a tennis ball.	A red dog jumps an catches a tennis ball in its mouth.
main-captions	images	2015	0186	2.40	The man is jumping into the water.	The man is up in the air.
main-captions	images	2015	0188	2.40	A woman in a black shirt stands in front of bananas at a fruit stand.	a woman wearing black stands in front of a pickup truck.
main-captions	images	2015	0189	1.20	A child is jumping into a swimming pool.	A dog jumping into a swimming pool.
main-captions	images	2015	0193	4.80	A little boy jumping from one chair to another.	A young boy jumping from one chair to another in his house
main-captions	images	2015	0194	0.00	A girl swings her long, wet hair in a lake.	A person riding a dirt bike.
main-captions	images	2015	0195	2.80	Two dogs playing by the shore.	Two dogs playing in the snow.
main-captions	images	2015	0196	0.00	A little girl walks on a boardwalk with blue domes in the background.	A man going over a jump on his bike with a river in the background
main-captions	images	2015	0201	2.20	Two women sitting on a bench, their faces obscured, with one woman carrying an inflatable tiger and the other woman in a Disney snow white costume.	A girl sits on a bench holding an inflatable tiger next to another girl in a colorful outfit.
main-captions	images	2015	0202	0.00	A guy and two girls are smiling at the camera.	Three dogs, one white and two brown, are running together on a field of grass.
main-captions	images	2015	0203	5.00	A dog swimming with a stick in it's mouth.	Dog swimming in the water with a stick in its mouth.
main-captions	images	2015	0205	5.00	A black poodle plays in the snow.	A black poodle frolics in the snow.
main-captions	images	2015	0208	1.40	two girls holding up a scary movie flyer	Two girls holding sacks are standing in a field.
main-captions	images	2015	0210	3.20	Three boys are running on the beach playing a game.	Two young boys and one young man run on a beach with water behind them.
main-captions	images	2015	0213	1.60	A girl is wearing a purple sash and matching skirt.	A group of girls stands wearing jean skirts and superman shirts.
main-captions	images	2015	0219	0.60	a man wearing a grey jacket standing on the side of a street.	A boy wearing a blue life jacket is holding onto the side of a green boat.
main-captions	images	2015	0220	5.00	A brown and black dog is jumping to catch a red ball.	A brown and black dog jumps for a red ball.
main-captions	images	2015	0222	1.80	The tan dog runs through the leaves.	The white dog runs through the ocean.
main-captions	images	2015	0223	0.00	A white and black dog is jumping into a pool.	A woman in a black apron is standing in front of a mirror.
main-captions	images	2015	0224	3.00	A black and white dog is carrying a stick in its mouth.	The black and white dog has a stick in his paws.
main-captions	images	2015	0225	5.00	A deer jumps a fence.	A deer jumping over a fence.
main-captions	images	2015	0228	2.20	A little girl holds a wooden stick.	A little girl swimming in a pool.
main-captions	images	2015	0229	2.40	A black dog jumps through the water.	A dog walks through the snow.
main-captions	images	2015	0230	4.20	A group of people in front of a red fire truck.	A group of people are standing around a red fire truck.
main-captions	images	2015	0232	3.40	a boy jumps into the blue pool water.	The young boy is jumping into the pool on his belly.
main-captions	images	2015	0233	0.00	A blonde dog is catching a ball in its mouth in the snow.	A little blonde girl is sitting on a green chair.
main-captions	images	2015	0234	3.80	Three children and playing and laughing on the floor.	Three children playing on the floor.
main-captions	images	2015	0235	3.40	A man sits with fishing poles near a body of water.	A man sits on a rock next to a folding deck chair and a fishing pole.
main-captions	images	2015	0237	0.00	A woman and a dog standing in the grass.	A man carries a sign while standing in the rain.
main-captions	images	2015	0240	1.00	A man in a blue shirt is running in a stadium field.	A man wearing a blue hat and shirt is riding a white horse.
main-captions	images	2015	0244	4.80	A black dog running through water.	A black dog is running through some water.
main-captions	images	2015	0245	0.00	Children jumping on a trampoline.	A man is sledding on an orange slide.
main-captions	images	2015	0246	3.00	A large brown dog is crouching in a grassy field.	A brown dog is running in a field.
main-captions	images	2015	0252	2.20	A dog runs through the grass.	A dog runs through the snow.
main-captions	images	2015	0254	0.20	A skier speeds through the snow.	A brown dog carrying a Frisbee runs through the snow.
main-captions	images	2015	0255	5.00	Two people are playing golf on a golf course.	Two people are on a golf course playing golf.
main-captions	images	2015	0256	0.80	A boy and a girl playing on the beach.	A dog playing in the waves with a ball.
main-captions	images	2015	0259	0.80	The child in the red coat laid in the red mat.	The toddler is ready to climb the red piece of equipment.
main-captions	images	2015	0260	5.00	Two dogs play in the grass.	Two dogs are playing in the grass.
main-captions	images	2015	0264	4.00	A child in a blue and white team uniform chasing a soccer ball.	A young boy in a blue soccer uniform chasing a ball.
main-captions	images	2015	0267	2.80	A softball player swinging at a pitch.	A baseball player hitting the ball
main-captions	images	2015	0271	2.80	A man is kite surfing away from the camera.	A man is sky surfing on the water.
main-captions	images	2015	0278	1.00	A black dog is running in the grass.	A boy running through green grass.
main-captions	images	2015	0279	2.00	A little boy and a little girl playing together outside.	A young boy and a young girl walking towards each other
main-captions	images	2015	0280	4.20	Two people sit on the end of a dock.	Two people sitting on a dock.
main-captions	images	2015	0283	2.00	Two dogs in a yard.	Two dogs in a stream.
main-captions	images	2015	0286	2.20	A man chases a dog trying to pass the barrier to enter a play area.	A man follows his black and white dog as it takes on an obstacle course.
main-captions	images	2015	0288	4.00	The large brown and white dog is running through the snow.	St. Bernard dog running in the snowy field.
main-captions	images	2015	0299	2.00	A bloody man and woman pose for a picture.	A man in woman dressed warmly pose for a picture.
main-captions	images	2015	0311	0.40	A yellow dog is playing in a grassy area near flowers.	A girl is playing on a swing.
main-captions	images	2015	0312	4.60	a boy plays with a noodle by the pool.	A boy plays with a foam noodle toy by a pool.
main-captions	images	2015	0314	2.00	two big brown dogs running through the snow.	A brown dog running through the grass.
main-captions	images	2015	0315	1.20	A young boy jumps into a pool with outstretched arms.	A dog jumps into a backyard pool.
main-captions	images	2015	0319	4.00	A girl holds up a yellow balloon animal.	A child holds a yellow balloon.
main-captions	images	2015	0321	0.17	Two dogs share a toy in a field of vegetation.	Two snowboarders are in the air over the snow.
main-captions	images	2015	0324	0.00	A blond haired lady in white poses for the camera.	A black and white dog runs with its mouth open.
main-captions	images	2015	0328	0.20	A dog runs through a field chasing a ball.	A child runs through the grass.
main-captions	images	2015	0332	3.80	Two girls are sitting in front of a statue.	Two blonde girls are sitting next to a statue
main-captions	images	2015	0336	4.00	A girl in orange lights a candle.	A girl in an orange shirt lights candles.
main-captions	images	2015	0337	1.60	A white dog runs through a field of yellow flowers.	A dog with a red collar runs in a forest in the middle of winter.
main-captions	images	2015	0339	2.20	An infant sitting on a cot reaching over to touch the face of an older boy.	A boy who seems ill is being touched in the face by a toddler.
main-captions	images	2015	0342	5.00	A dog shaking off water.	A dog shaking water off.
main-captions	images	2015	0344	0.50	Young boys running along the pavement.	A black dog running along the edge of the ocean.
main-captions	images	2015	0345	3.67	A young child slides down an orange slide.	A little boy in denim overalls slides down an orange slide.
main-captions	images	2015	0346	1.60	a black and white dog running through some red and white poles	Black and white dog in living room standing on hind legs.
main-captions	images	2015	0349	4.40	Three individuals are posing on skis behind a "no skiing" sign.	Three people on skis are standing behind a no skiing sign.
main-captions	images	2015	0350	4.60	A man in a white suit walks down the street holding a newspaper.	A man in a white suit walks outside carrying a newspaper.
main-captions	images	2015	0357	5.00	A black dog with a blue collar is running in the snow.	A black dog wearing a blue collar is running through the snow.
main-captions	images	2015	0362	0.80	A dog is running toward the camera.	A brown and white dog running on grass.
main-captions	images	2015	0364	2.40	a boy swinging on a swing.	The girl is on a swing.
main-captions	images	2015	0367	4.40	A group of youngsters swim in lake water	Many children are playing and swimming in the water.
main-captions	images	2015	0368	0.00	A blue and white soccer team playing against each other.	A topless woman with her face painted is covered in mud.
main-captions	images	2015	0371	3.80	A brown dog about to catch a green Frisbee.	A brown dog waits for the Frisbee to come down before catching it.
main-captions	images	2015	0378	2.20	A black and white dog is swimming in a large green lake.	A black dog runs fast into shallow water.
main-captions	images	2015	0379	2.20	Two large black dogs are playing in a grassy field.	Two white dogs are running together.
main-captions	images	2015	0381	2.80	The brown and black dog sprints across the snow.	A black dog is running quickly along the ground.
main-captions	images	2015	0383	3.80	The man in the backpack looks to his left.	An adult male wearing a backpack walks and looks to the left.
main-captions	images	2015	0384	0.00	An elderly man in a blue shirt is holding up a piece of canvas art.	A black man is walking next to a building in a big city.
main-captions	images	2015	0386	0.40	Two skinny young boys playing with sand in the water.	Two dogs are shaking water off.
main-captions	images	2015	0388	3.80	A small dog runs through an obstacle course.	A small dog jumping over an obstacle.
main-captions	images	2015	0392	3.20	A brown dog running through the woods.	A brown dog runs through the grass.
main-captions	images	2015	0393	3.40	A group of people are standing by a window watching something.	A group of people stand and wait to see something.
main-captions	images	2015	0395	4.40	A dog is jumping over a barrier at a agility competition.	A dog jumping over an obstacle course fence.
main-captions	images	2015	0396	3.20	Three people racing on ice skates.	Three ice skaters round a corner.
main-captions	images	2015	0399	4.80	Two women contestants are walking their dogs in a dog show.	Two women walk there dogs at a dog show.
main-captions	images	2015	0401	0.00	Two men on the side of a barge	A man is lying the grass with long hair and beard.
main-captions	images	2015	0403	4.80	A brown dog in running on grass.	A brown dog runs through the grass.
main-captions	images	2015	0410	0.40	A person is riding their bike on a trail next to the woods.	A small child in a yellow shirt is holding their arms out to the sides.
main-captions	images	2015	0413	3.60	A woman in a black dress smiles in front of a silver truck.	A girl wearing a black top is smiling with a silver truck in the background.
main-captions	images	2015	0423	0.60	A dog is on the beach near a ball.	A guy is going up for a lay-up on a basketball court.
main-captions	images	2015	0428	2.60	A dog bounds across the brown grass.	Two dogs bound across the grass.
main-captions	images	2015	0430	3.20	a woman playing with two young boys at a park	A woman and three kids play at a park.
main-captions	images	2015	0431	2.40	A dog emerges form the water with a stick in its mouth.	A dog runs toward the camera with a stick in its mouth.
main-captions	images	2015	0434	0.80	Three dogs playing in the snow.	The boy is playing in the sand.
main-captions	images	2015	0444	4.20	A dog carries a leash in its mouth.	A fluffy dog carries a black leash in its mouth.
main-captions	images	2015	0447	0.00	A man in jeans is playing with a ball while a woman in jeans stands nearby looking away.	A man is tying a red arm band around another mans arm in the street.
main-captions	images	2015	0450	4.00	A skier is falling into the snow.	A skier is falling face first into the snow.
main-captions	images	2015	0451	2.20	A dog with a red toy in it's mouth.	A brown dog is carrying a stick in its mouth.
main-captions	images	2015	0452	4.80	Two hockey players fighting on the ice.	Two hockey players in a struggle on the ice.
main-captions	images	2015	0454	1.60	Two terriers play on the wood floor of their home.	Two puppies play with a red chew toy in a field.
main-captions	images	2015	0457	4.20	Two dogs running through a field.	Two dogs play in a field.
main-captions	images	2015	0458	0.40	A man in a gray suit locking up a bicycle	A man and a woman standing on a city street.
main-captions	images	2015	0467	4.60	A man in a black leather jacket is sleeping in a subway car.	A man in a black leather jacket falls asleep on public transportation.
main-captions	images	2015	0469	4.80	A dog leaping over a hurdle.	A dog leaps over the hurdle.
main-captions	images	2015	0470	0.00	Two men are setting up some electronic equpitment	Two dogs are wrestling on the ground in the snow.
main-captions	images	2015	0471	0.00	A black dog is walking on the grass with a stick in it's mouth.	A boy holds a net with a snake in it close to the ground.
main-captions	images	2015	0473	2.20	A girl runs with dogs in a dry field.	A grey dog and a tan dog playing on a grassy field.
main-captions	images	2015	0474	4.00	Two dogs playing in the snow.	Two black dogs in the snow.
main-captions	images	2015	0481	4.00	A dog leaps off a dock and into the water.	The black dog leaps off the dock and into the water.
main-captions	images	2015	0482	2.00	a group of old men walking down the street	A couple walking down the street.
main-captions	images	2015	0484	2.20	Three dogs standing in snow next to a blue fence.	Three dogs play in the shallows next to a rocky shore.
main-captions	images	2015	0487	4.80	A black and white dog is running through the field.	A black and white dog is running in the grass.
main-captions	images	2015	0488	0.40	A boy in black waves his arms while other people are behind him on a field.	a man in a black shirt is roller blading past a bench in the city.
main-captions	images	2015	0489	2.00	An elderly woman rides a bicycle along a city street.	An elderly woman walking uphill crossing the street.
main-captions	images	2015	0492	0.40	A young boy is punching a yellow ball.	A small dog jumps over a yellow beam.
main-captions	images	2015	0496	1.40	A group of young ballerinas are in a dance studio.	A group of young ladies in bikinis.
main-captions	images	2015	0498	0.00	A young boy in a white dress shirt is playing on a grassy plain.	A woman is getting her hair done at a salon.
main-captions	images	2015	0504	0.40	A man and a dog are playing tug of war.	A man dances on a colorful wall.
main-captions	images	2015	0505	4.60	A wet child shivers under a towel at a pool.	A wet child is shivering in a towel in front of a pool.
main-captions	images	2015	0507	5.00	A white dog runs on a beach.	The white dog is running along the beach.
main-captions	images	2015	0508	3.40	Six dogs running on the sandy beach.	Six dogs walking beside the beach.
main-captions	images	2015	0509	3.20	A man holds on to a handle in the water.	A man is holding onto handles in the air.
main-captions	images	2015	0511	3.00	A white dog walking in the snow.	A black and tan dog walking through the snow.
main-captions	images	2015	0513	3.20	The white and brown dog runs across the grass.	Three dogs are running on the grass.
main-captions	images	2015	0516	3.80	A boy goes down an inflatable slide.	A boy in red slides down an inflatable ride.
main-captions	images	2015	0517	3.80	Two dogs playing with a ball in a puddle.	Two dogs stand in a puddle, and one has a yellow tennis ball.
main-captions	images	2015	0518	1.40	Three dogs are playing in the water.	Three dogs run in the snow.
main-captions	images	2015	0519	1.20	Two dogs playing in the snow.	Two kids playing with a dog.
main-captions	images	2015	0522	4.80	A girl does a back bend on the beach.	A girl doing a back bend at the beach.
main-captions	images	2015	0526	2.20	The two dogs are playing fetch in the snow.	Two dogs are playing together in the grass.
main-captions	images	2015	0528	3.60	Two surfers on riding a small wave.	Two surfers perform tricks in the waves.
main-captions	images	2015	0530	5.00	Two people walking on the beach at sunset.	Two people walking along the shore at sunset.
main-captions	images	2015	0537	4.00	two puppies playing around in the grass	Two dogs are wrestling in the grass.
main-captions	images	2015	0538	4.80	A young girl is sitting on Santa's lap.	A little girl is sitting on Santa's lap
main-captions	images	2015	0541	2.20	A black and white dog runs with its mouth open.	A black and white dog swims in blue water.
main-captions	images	2015	0543	4.80	A young boy jumping in the air at the beach.	A boy jumping in the air on the beach.
main-captions	images	2015	0547	5.00	Five men in tuxedos are walking down steps.	Five men in tuxedos walk down a set of steps
main-captions	images	2015	0549	0.00	Man in red shorts and white shirt kicking a soccer ball.	A black dog stands in the surf holding a red rubber ball.
main-captions	images	2015	0552	4.80	A man and dog on a rocky seashore.	Man and dog standing on rocks next to water
main-captions	images	2015	0553	2.40	Brown dog splashing into the water.	Four dogs splashing in the water
main-captions	images	2015	0556	1.00	The smiling woman at the beach is buried in seaweed.	A girl in a cowboy hat with a sheep on a leash.
main-captions	images	2015	0561	3.80	A dog with big ears is holding a small stick in it's mouth.	A puppy with big ears chewing on a stick.
main-captions	images	2015	0562	0.00	The large brown dog is jumping through the tall grass.	The girl wearing a blue shirt is running through a science center.
main-captions	images	2015	0563	2.60	Two dogs fighting in the snow.	Two dogs playing in the snow.
main-captions	images	2015	0566	2.80	A brown dog is in the middle of a line of dogs chasing a dirty tennis ball over dirt.	There are two white dogs and one brown dog chasing a ball.
main-captions	images	2015	0569	0.00	A grey hound is active in a grassy field.	A bunch of bikes racing on a track.
main-captions	images	2015	0572	0.00	Two people are racing a sidecar motorcycle in the mud.	The dog carrying a long stick in its mouth.
main-captions	images	2015	0575	2.40	The man is sitting at the top of a rocky mountain.	A person sticks their head out of a tent at the top of a mountain.
main-captions	images	2015	0580	0.00	A man standing on a boat is pulling another boat close by with a bamboo stick.	a man in a black hat standing in front of a brick wall and a sign
main-captions	images	2015	0581	3.20	a man plays his white guitar.	a man playing a white guitar and singing as well
main-captions	images	2015	0582	0.00	A person is skijoring with a dog in the mountains.	A brown dog is playing with a ball in the water.
main-captions	images	2015	0585	2.40	Two shirtless young people playing in the water.	Lots of people play in the water at the beach.
main-captions	images	2015	0588	3.60	Close-up of a hummingbird.	A closeup of a hummingbird flying.
main-captions	images	2015	0591	0.80	Woman in a black dress walking on the street.	A woman watches a dog jump down the stairs.
main-captions	images	2015	0597	2.33	A man and a woman looking at the camera.	A man and a woman laughing.
main-captions	images	2015	0599	3.60	a brown dog running through the dirty muddy grass	The large brown dog is running outside in the dirt.
main-captions	images	2015	0601	5.00	Three dogs pulling a man on a bicycle through the snow.	The dogs are pulling a man on a type of bike, through the snow.
main-captions	images	2015	0610	0.00	A baby in a red hat sitting in a stroller is holding a doll.	A man in a gray shirt sitting in a field of flowers.
main-captions	images	2015	0613	4.80	Three children playing with hay outdoors, throwing some at camera lens.	Three young children play in the hay, throwing some at the camera.
main-captions	images	2015	0624	0.00	A climber is standing on the rock face next to the pink rope.	The children are running in the snow with fences in the background.
main-captions	images	2015	0628	1.80	A black dog wearing an orange collar is entangled with fishing wire.	The black dog wearing a red collar shakes water off.
main-captions	images	2015	0637	0.00	Two dogs are playing around in the dirt.	A dancer posing for the camera in a red and white dress.
main-captions	images	2015	0640	3.40	A golden dog is running on the grass.	The large beige dog is running through the grass.
main-captions	images	2015	0642	4.80	A dog runs through the grass.	a dog runs across the grass.
main-captions	images	2015	0645	3.40	a man in red shorts is walking along rocks by a river carrying a stick.	A man is walking on rocks with water flowing around them.
main-captions	images	2015	0646	0.00	Man rowing a boat.	a man doing a trick on skateboard
main-captions	images	2015	0647	4.80	Three dogs running on a racetrack.	Three dogs round a bend at a racetrack.
main-captions	images	2015	0653	0.80	A black and brown dog walks through the snow near a building.	An older man stands outside a old boarded up building.
main-captions	images	2015	0656	3.40	A dog is jumping into a swimming pool after a duck.	A dog jumping into a swimming pool.
main-captions	images	2015	0661	3.20	A dog running through a forest in the winter time	A dog running through a lot of twigs.
main-captions	images	2015	0665	0.40	The girl is playing along with the images on the big screen.	Three girls holding umbrellas with their backs to the camera.
main-captions	images	2015	0666	1.00	Many people run in a race on a street.	A puppy running along a street.
main-captions	images	2015	0668	1.00	A man in swimming trunks is standing against some rocks.	A man in a gray shirt climbs a large rock wall.
main-captions	images	2015	0669	2.00	Two white dogs walking in the snow.	A tan dog with a black collar barking in the snow.
main-captions	images	2015	0671	2.40	A woman wearing a pink shirt jumps in the air with her arms and legs spread to her sides.	A man wearing suspenders and sunglasses leaps up in the air with his arms and legs spread out to the side.
main-captions	images	2015	0672	2.80	A dog runs through the grass.	Two dogs run through the brush.
main-captions	images	2015	0674	2.80	A dog running across the sand	A dog running through the water.
main-captions	images	2015	0680	0.00	A woman is attempting to ride a small wave.	A man and woman sitting back to back outside in the sun.
main-captions	images	2015	0681	0.60	The black and white dog is swimming in the river.	A black man and his dog on the beach.
main-captions	images	2015	0683	4.60	Man standing on top of jagged rocks near the ocean.	A man is standing on top of rocks overlooking the ocean.
main-captions	images	2015	0684	4.40	A girl in a black and blue wet suit is surfing.	A woman wearing a black and blue striped suit is surfing on a wave.
main-captions	images	2015	0687	4.60	The woman is leading a dog through an obstacle course.	Woman leading her small dog through an obstacle course.
main-captions	images	2015	0694	2.40	Two dogs on the beach.	A dog walks on the beach.
main-captions	images	2015	0695	1.00	A young boy is standing on a gray tiled area.	A young boy is practicing his karate in a gym.
main-captions	images	2015	0701	2.20	The dog is running with food in his mouth.	The dog is running with a yellow ball in his mouth.
main-captions	images	2015	0704	4.80	Two dogs running down a beach.	two dogs running on the beach
main-captions	images	2015	0705	2.00	A black and white dog swimming in the pool	A black and white dog running with something in his mouth.
main-captions	images	2015	0707	3.80	A dog has it's head inside a red and green gift bag.	A pet playfully investigates the contents of a gift bag.
main-captions	images	2015	0708	5.00	A yellow shirted man wearing a golden sun mask.	A man in a yellow shirt wears a gold, sun-shaped mask.
main-captions	images	2015	0713	0.40	A man is scalling a sheer rock face with a rope support.	A young man is doing a ski jump with a purple board.
main-captions	images	2015	0714	4.20	A child with his hands on his head.	A little boy stands with his hands on top of his head
main-captions	images	2015	0716	1.80	A man wearing a orange vest is canoeing in the blue water.	A man in an orange jacket raising his hands to the sky in the sand.
main-captions	images	2015	0722	1.20	An old man in a black trench coat standing in a marketplace.	The baby is wearing a red shirt and walking in a plaza.
main-captions	images	2015	0731	4.80	A man climbing a cliff face.	A man climbs a sheer cliff face.
main-captions	images	2015	0736	0.60	Two girls are in pajama pants and appear to be dancing.	Two girls with baseball caps are eating a snack outside.
main-captions	images	2015	0738	3.40	A white and brown dog playing with a black toy.	A white and brown dog is playing tug-o-war.
main-captions	images	2015	0741	3.00	A boy plays baseball.	A man is playing baseball.
main-captions	images	2015	0744	0.00	A boy wearing a red shirt runs across the grass with a furry dog.	A sports fan is wearing face paint in the stands.
main-captions	images	2015	0747	0.00	A black dog retrieves in the snow.	A skateboarder jumping in the street.
main-captions	images	2015	0749	3.20	A smiling man and a baby girl posing for photo.	A smiling man holds a small child wearing pink and red.
main-captions	images	2015	0752	3.20	A dog jumping for a Frisbee in the snow.	A dog is jumping in the snow.
main-captions	images	2015	0756	3.40	A brown and white dog with a pink collar is barking at a brown dog with a blue collar in the snow.	The dog with the red collar is bearing it's teeth at the dog with the blue collar.
main-captions	images	2015	0761	4.20	Two brown dogs are biting each other.	Two brown dogs biting each other on sand.
main-captions	images	2015	0764	4.00	A skateboarder attempts a trick on the side of a low wall.	A boy does skateboard tricks on a railing.
main-captions	images	2015	0767	2.80	A young girl doing a back flip in the water.	a young girl wearing purple running through water
main-captions	images	2015	0768	0.80	A snowboarder rides a snowboard down a railing beside a flight of steps.	A boy is grinding a skateboard down a concrete wall.
main-captions	images	2015	0773	1.40	A woman with two men in hats socializing outside.	A young woman with a knit cap stands against the wall of a Domino's Pizza.
main-captions	images	2015	0774	4.20	A small boy in a bathrobe is sitting in a metal chair.	A boy in a robe sits in a chair.
main-captions	images	2015	0777	2.20	A black dog is running through the snow.	A black pit bull dog is running through the dirt.
main-captions	images	2015	0778	3.40	a group of teenagers are dancing on a wooden floor.	A group of people in dark colored clothing are line dancing on a wooden floor.
main-captions	images	2015	0782	0.40	A young boy is riding a bike.	A young girl laying on a blue inflatable toy
main-captions	images	2015	0783	1.80	A black dog running in the snow.	A black dog running on a beach.
main-captions	images	2015	0784	1.00	Three dogs in the snow by a fence.	Two dogs drink water in a lake.
main-captions	images	2015	0787	0.20	A girl runs along a river bank with two black dogs.	A little boy is petting a tiger that is laying down.
main-captions	images	2015	0791	1.80	A teenage girl running on a beach shouting, with an older man walking behind her.	a young child running along the shore at a beach
main-captions	images	2015	0799	0.00	A brown and white dog is walking next to a man on a skateboard.	A blond child is laying on a branch of a tree in a green field.
main-captions	images	2015	0800	4.00	Man riding a surfboard on a wave.	A man in black on a surfboard riding a wave.
main-captions	images	2015	0802	4.20	The man in the red shirt is climbing the side of a mountain.	A man is climbing the side of a mountain.
main-captions	images	2015	0807	1.40	A man riding a motorcycle while wearing a black uniform.	A white motorcycle is being ridden around a race track.
main-captions	images	2015	0813	1.20	a black dog swimming through a river.	a black dog digging through the snow.
main-captions	images	2015	0818	3.20	A man and a woman are smiling.	A man and a woman laughing.
main-captions	images	2015	0819	4.80	A man is standing on top of a rock or mountain watching the sun set.	A man standing in the mountains watching a sunset.
main-captions	images	2015	0821	1.40	Two little girls are playing on a trampoline.	Two little boys are playing on a playground.
main-captions	images	2015	0823	0.20	Two girls are jumping high in the air.	Two dogs nussle one another in the grass near a lake.
main-captions	images	2015	0824	4.80	The woman holding a black purse is smoking a cigarette.	A woman with a black bag is smoking a cigarette
main-captions	images	2015	0826	4.20	A dog is running along the grass.	A brown dog is running in the grass.
main-captions	images	2015	0827	1.00	A man with long hair is looking through a camera.	A woman stands against a wall near a video camera.
main-captions	images	2015	0831	4.00	Brown dog running on grass.	The dog is running on grass.
main-captions	images	2015	0835	0.00	Two people wearing hats sit and look at the camera.	A man wearing a blue shirt makes a grouchy face.
main-captions	images	2015	0842	3.20	Two girls playing with people and flowers behind them.	Two young girls wearing skirts are playing in a garden.
main-captions	images	2015	0848	0.00	A girl in a pink shirt is sprawling her limbs out in midair.	A man dressed in a Santa suit is climbing up a large concrete building.
main-captions	images	2015	0849	1.40	A little girl in a red shirt pulls a kite.	A girl in a red shirt takes a picture on a phone.
main-captions	images	2015	0851	0.00	Child sliding in the snow.	Man sleeping on the street.
main-captions	images	2015	0854	4.20	Three dogs are playing in the water.	Three dogs swim in the water.
main-captions	images	2015	0855	5.00	A white dog running on sand.	A white dog runs on the sand.
main-captions	images	2015	0856	0.20	A little girl with her hands in the air is sitting on a man's back while he is laying on a blanket.	A kid runs in the opposite direction of others who were playing a game.
main-captions	images	2015	0859	1.40	a red and white race car racing on a dirt racetrack.	A person is riding a dirt bike in a race on a dirt track.
main-captions	images	2015	0860	2.20	A black and white dog is running through a cow field.	A large black and white dog runs in the ocean water
main-captions	images	2015	0862	0.60	A man in a straw hat shades his phone while others walk on a busy sidewalk.	A man lies on a street with his headand shoulders under a parked car that is jacked up.
main-captions	images	2015	0863	0.80	A man with a messenger bag in front of a gray tile wall.	Man in red jacket standing in front of lighthouse.
main-captions	images	2015	0865	3.20	A dog swims in the water.	Three dogs swim in the water.
main-captions	images	2015	0867	4.60	A little white curly haired dog runs across the pavement with a stick in its mouth.	A white curly haired dog runs with a stick in it's mouth.
main-captions	images	2015	0871	2.80	The blonde woman is wearing a black, american flag, tartan cap.	A red-haired woman is wearing a black beret adorned with the American flag.
main-captions	images	2015	0872	0.60	A person holding a net is standing in the water.	A black woman and two black children are sitting in a thatched tent.
main-captions	images	2015	0873	0.40	A woman in an red tracksuit squeezing lemons in a press.	A young woman in a pink hoodie takes a picture.
main-captions	images	2015	0877	4.20	a man walks two dogs on leashes down the street	A man walks two dogs in the city.
main-captions	images	2015	0880	2.20	A dog is running in the snow.	Two dogs running in the dirt
main-captions	images	2015	0881	1.60	A small boy playing in the snow.	The brown and white dog is playing in the snow.
main-captions	images	2015	0890	3.20	A woman in a blue shirt and tan shorts sits at a table.	A smiling young woman in a tourquoise shirt and bandanna poses at table outdoors.
main-captions	images	2015	0897	3.20	a white dog running in the snow	The dogs are running in the snow.
main-captions	images	2015	0899	0.00	The black dog is running through the snow.	A race car driver is driving his car through the mud.
main-captions	images	2015	0900	4.40	A dog wearing a green sweater and a backpack walking on snow.	A small dog wearing a green sweater and a backpack walks through snow.
main-captions	images	2015	0901	0.60	A group of people sitting around a desk.	A group of girls on a beach.
main-captions	images	2015	0903	2.80	Three dogs are running in a field.	Two dogs are running in a grassy field
main-captions	images	2015	0904	0.40	A man and woman with their hands on their chins are standing next to a Christmas tree.	The man with a white beard and blue cap is standing in the doorway of a workshop.
main-captions	images	2015	0905	1.20	The black and white dog has a stick in his paws.	A black dog and a white dog are standing on snow.
main-captions	images	2015	0906	1.40	A white dog running through the snow	The black and white dog runs through the grass.
main-captions	images	2015	0909	0.60	A man on skis on a snow-covered hill with mountains in the background	A dog enjoys a romp in the water with mountains and sand in the background.
main-captions	images	2015	0918	1.20	A man on a bike nest to a river.	A man on a bike does a very high jump.
main-captions	images	2015	0927	0.40	A skier going down the snowy hill.	A brown dog is laying in the snow.
main-captions	images	2015	0928	3.60	Two dogs are running on the grass.	Two dogs running in the dirt
main-captions	images	2015	0930	0.60	A man is spraying a fluid from a long hose at the beach.	A guy is sitting on his bike with one wheel in the air.
main-captions	images	2015	0935	2.20	A person in a red vest is touching the blue ice skates on another person.	A lady fastens someone's ice skates in the snow.
main-captions	images	2015	0938	4.80	A girl bounces upside down on her head on a trampoline.	A girl is bouncing on her head on a trampoline.
main-captions	images	2015	0946	2.00	A woman standing in front of trees and smiling.	A man is walking by trees in front of the city skyline.
main-captions	images	2015	0952	2.40	A boy doing a back flip into a swimming pool.	A boy wearing red and blue swim trunks jumping head first into a swimming pool.
main-captions	images	2015	0953	4.20	three little boys cover themselves with bubbles.	Three children standing by a pool are covered in foam bubbles.
main-captions	images	2015	0954	0.20	The boy is looking up at the girl as another girl ignores them.	the boy is diving into the pool as the couple watch.
main-captions	images	2015	0960	3.20	A black dog with a blue collar is running in the snow.	A black dog with a red collar plays in the snow.
main-captions	images	2015	0964	3.80	A bird sits in a tree.	A bird sits in a leafless tree.
main-captions	images	2015	0965	4.00	A brown dog chews on an orange ball.	A dog has an orange ball in its mouth.
main-captions	images	2015	0972	0.60	A brown dog jumping into the air to catch a ball.	three young woman jumping into the air to catch a ball.
main-captions	images	2015	0976	3.20	A child is walking from one picnic table to another.	The boy hops from one picnic table to the other in the park.
main-captions	images	2015	0979	3.00	A dog in the snow.	Two dogs in snow.
main-captions	images	2015	0981	4.80	Dalmation running along the beach.	A Dalmation runs along a beach.
main-captions	images	2015	0986	5.00	A dog running through snow.	A dog runs in the snow.
main-captions	images	2015	0989	2.00	Four black dogs run across the grass.	A dog runs across the grassy field.
main-captions	images	2015	0990	3.60	A man in red and black is hitting a soccer ball with his head.	A man in a red striped soccer shirt heads a ball.
main-captions	images	2015	0991	1.20	A brown dog is walking on the grass.	A dog chases another by a tree.
main-captions	images	2015	0999	4.60	A woman placing a baby on a skateboard on the beach.	a woman holds a small baby on a skateboard at the beach
main-captions	images	2015	1001	4.00	A black dog is biting a light brown dogs ear in a playful manner.	A black dog playfully bits another dog in a living room setting
main-captions	images	2015	1002	4.40	The beagle is walking on the beach at the waterline.	A beagle walks along the calm shore.
main-captions	images	2015	1007	5.00	The black and white dog runs through the grass.	A black and white dog is running through grass.
main-captions	images	2015	1010	0.00	Two dogs run through the snow, one with a tennis ball.	The boy is doing a stunt, through the air, on his bicycle.
main-captions	images	2015	1012	3.20	A black dog is walking on the grass with a stick in it's mouth.	The black dog is running on the grass with a toy in it's mouth.
main-captions	images	2015	1015	3.00	A man walks toward a policeman standing in a crosswalk on a city street.	A policeman stands in a crosswalk in a city.
main-captions	images	2015	1020	4.60	A black dog and a white dog playing in the street.	A black dog and a white dog play in the street together.
main-captions	images	2015	1023	3.60	A large black and white dog is swimming in the water.	A black and white dog with a stick is in muddy water.
main-captions	images	2015	1024	4.20	A little boy clowns with a colander on his head.	A boy with a metal colander on his head.
main-captions	images	2015	1037	0.00	Two constructions workers sit on a beam taking a break.	The man is putting on his shirt near an elevator.
main-captions	images	2015	1038	1.20	A man and a woman laughing.	A man and a woman kiss.
main-captions	images	2015	1040	2.83	A black, brown and white dog running through a field.	A white and brown dog runs in a field.
main-captions	images	2015	1042	4.60	Children are playing in a swimming pool while two adult men watch them.	Children play in a pool while adults look on.
main-captions	images	2015	1047	0.00	Two kids splashing in the water.	Two dogs play together on the bed.
main-captions	images	2015	1051	4.60	The brown and white dog is walking in shallow waters.	A white and brown dog appears to be walking on the water.
main-captions	images	2015	1052	1.60	A woman reads while on public transportation.	A man who has fallen asleep on public transportation.
main-captions	images	2015	1054	1.80	A bulldog is running through a grassy park while people stand in the background.	A dog is running in a large body of water causing it to splash.
main-captions	images	2015	1055	2.20	A young boy riding a bike on a brick road	A person does tricks on a bike on a ramp surrounded by trees.
main-captions	images	2015	1063	3.80	The young man is skateboarding at a skate park.	a boy in a blue T shirt is airborne on a skateboard in a skate park.
main-captions	images	2015	1068	4.40	A girl jumping rope on a sidewalk near a parking garage.	A girl jumping rope on a sidewalk with a parking garage to the left.
main-captions	images	2015	1070	3.00	A person is out in the water at the beach while the sun sets.	A person above their surfboard on the water.
main-captions	images	2015	1072	4.00	A dog jumps in midair to catch a Frisbee.	The brown dog jumps for a pink Frisbee.
main-captions	images	2015	1075	1.00	The dog returns the play toy to its master.	Three dogs race in the snow together.
main-captions	images	2015	1078	4.60	Two females jump off of swings.	Two girls jump out of swings.
main-captions	images	2015	1079	0.60	A woman with a young girl pose with bear statues in front of a store.	A man in a jersey stands in front of a large crowd.
main-captions	images	2015	1087	4.40	A shirtless man playing football on a lawn.	A shirtless man catches a football
main-captions	images	2015	1088	0.80	A girl wearing green twists something in her hands.	A young boy wearing only green shorts poses awkwardly with a brick background.
main-captions	images	2015	1092	0.40	A man in a red jacket holds his bike for the picture.	A woman in a red jacket is video taping a natural landscape.
main-captions	images	2015	1093	0.80	A boy jumps into a not-so-crowded public pool.	A man jumps while on a snowboard.
main-captions	images	2015	1096	0.60	The clowns are striking a pose for the camera.	A child in orange is on a boogie board in the waves.
main-captions	images	2015	1098	0.00	Four kids holding hands jump into a swimming pool.	Four dogs playing in the snow.
main-captions	images	2015	1104	2.80	A boy pushes a wagon with two pumpkins.	A child squats behind a wagon with two pumpkins in it.
main-captions	images	2015	1105	0.00	Two soccer players battle for the ball during an intense match.	Two little orange and white dogs are in the snow.
main-captions	images	2015	1111	3.80	The black dog is walking through the tall grass.	The black dog is running through the grass.
main-captions	images	2015	1116	3.40	Two black dogs playing in the snow.	A black dog digs in the snow.
main-captions	images	2015	1121	5.00	A dog jumps over a chain.	A dog leaping over a chain.
main-captions	images	2015	1125	4.60	A girl with a black purse sitting on a wooden bench.	A young woman with a black purse sits on a wooden bench.
main-captions	images	2015	1129	2.20	A black and a yellow dog	A black dog and a brown-and-white dog play in a field.
main-captions	images	2015	1130	3.40	Three children in a ball pit.	Several children playing in a ball pit.
main-captions	images	2015	1131	3.60	A large white and grey dog runs through a yellow tunnel in an obstacle course.	A white and black dog is running out of a yellow and orange tube.
main-captions	images	2015	1133	4.80	A swimmer is doing the backstroke in the swimming pool.	a person doing the back stroke in a swimming pool
main-captions	images	2015	1135	0.00	A man stands astride a bike on a rocky trail by a lake.	A woman is wearing a white headband, purple tank top and black gloves.
main-captions	images	2015	1136	2.40	A brown dog is running through green grass.	A brown dog is running though a river.
main-captions	images	2015	1139	3.40	A small white dog and large brown dog play on the grass.	A small light tan dog is running past a large brown dog standing in the grass.
main-captions	images	2015	1141	3.40	A woman holds a dog while another dog stands nearby in a field.	A lady holding one dog while another dog is playing in the yard.
main-captions	images	2015	1146	2.40	A black dog walking through water.	Two black dogs walking through the snow.
main-captions	images	2015	1148	1.80	A black dog is running in snow.	A black dog is swimming with a ball in it's mouth.
main-captions	images	2015	1149	1.60	A woman dressed in green is playing with her tan dog.	A tan dog licks a girls hand while laying down.
main-captions	images	2015	1150	4.60	Two homeless men stand outside with a cardboard sign.	Two homeless young men holding a cardboard sign.
main-captions	images	2015	1152	3.60	A brown dog wades in the water.	A dog splashes in the murky water.
main-captions	images	2015	1154	2.80	One man in an orange shirt wearing a white helmet is riding a bike.	The man wearing a blue helmet is riding a Polaris.
main-captions	images	2015	1159	1.80	A little boy is standing in front of a wedding party laughing.	A person standing on a stage in front of a seated crowd
main-captions	images	2015	1163	3.60	A person on a snowmobile.	A person on a snowmobile in mid jump.
main-captions	images	2015	1166	0.80	The man is standing on the shore hitting a ball with a paddle.	Two teenage girls are standing on beside the beach listening to ipods.
main-captions	images	2015	1168	0.40	This over the top photo shows two men taking a break.	A person with swim cap and goggles taking a breath.
main-captions	images	2015	1171	4.60	Two brown dogs running together on sand	Two brown dogs are running on the sand.
main-captions	images	2015	1175	1.40	A black dog is chasing after a red Frisbee.	A black poodle is running in the snow.
main-captions	images	2015	1177	3.00	Two girls with ponytails ride an amusement park ride.	A young girl is on a ride at an amusement park.
main-captions	images	2015	1178	4.20	A dog digging in the sand.	A brown dog digs in the sand.
main-captions	images	2015	1185	0.00	Two men sit on the sidewalk in front of stores.	A woman in a bathing suit walks a dog on the beach.
main-captions	images	2015	1186	4.60	A black and white spotted dog jumps over a stream.	A black and white spotted dog is jumping over the small stream of water.
main-captions	images	2015	1190	3.00	A person on a bmx bike.	A man on a bike in mid-air
main-captions	images	2015	1191	4.60	Two dogs running through tall grass.	Two dogs are running through a grassy area.
main-captions	images	2015	1192	1.00	Little white dog wearing a leash jumping after a red ball.	A black and white dog returns a stick in the snow.
main-captions	images	2015	1195	3.20	A group of people standing outside of a building.	A large group of people have formed a line outside.
main-captions	images	2015	1197	1.60	A group of four children dancing in a backyard.	A group of children do stretches on colored mats.
main-captions	images	2015	1199	4.80	a group of teenagers are jumping in the air on the beach.	A group of young people jump up in the air while on the beach.
main-captions	images	2015	1202	4.40	A boy waves around a sparkler.	A young boy is twisting a sparkler around in the air.
main-captions	images	2015	1207	2.60	Several people are sitting around a fire at night.	A group of people are standing and sitting around on the ground at night.
main-captions	images	2015	1209	4.00	Two different breeds of brown and white dogs play on the beach.	Two dogs playing in the sand at the beach.
main-captions	images	2015	1211	3.40	One man and two women dressed in vampire costumes	A man and two women dressed in costumes.
main-captions	images	2015	1214	2.40	Two boys, one wearing a hat, in a playground.	Boy in tan hat laughs while sitting near playground equipment.
main-captions	images	2015	1218	5.00	Two dogs playing in snow.	Two dogs play in the snow.
main-captions	images	2015	1220	0.40	A woman holds a baby while a man looks at it as another man holding a child watches.	A woman stands with her arms out in a store while another woman holds a camera.
main-captions	images	2015	1221	4.60	A white fluffy dog is running in pure white snow.	A fluffy, white dog running in the snow.
main-captions	images	2015	1222	0.00	A woman holding a newspaper.	A man rollerblading on a metal bar.
main-captions	images	2015	1223	3.40	A group of men playing brass instruments.	A group of guys play instruments outside.
main-captions	images	2015	1224	0.00	Two girls on the shore watch people in a boat fish.	Two males, one in red and one in white playing a basketball game.
main-captions	images	2015	1225	4.00	a snowboarder jumps into the air.	A snowboarder flies through the air.
main-captions	images	2015	1226	0.60	A white dog with red ears is running in the snow.	a wet black dog with a red collar is in the river
main-captions	images	2015	1227	0.40	A little girl and a little boy hold hands on a shiny slide.	A little girl in a paisley dress runs across a sandy playground.
main-captions	images	2015	1228	4.20	Kids play soccer on a field.	Three boys playing soccer in a field
main-captions	images	2015	1232	2.80	A man jumps off of one rooftop onto another.	A young man jumps from one balcony to another.
main-captions	images	2015	1234	3.40	One child pulls another, sitting in a red wagon, along the sand.	A young boy pulls another boy wearing a silly hat in a radio flyer wagon.
main-captions	images	2015	1245	2.40	An owl has its wings up and widespread during the day.	The bird has its wings spread as it flies.
main-captions	images	2015	1246	0.00	A man in a blue cap is sitting on a stool under a tree.	A dog standing on a beach with a ball nearby.
main-captions	images	2015	1248	4.40	A woman sings into a microphone by a guy playing a guitar.	A woman sings into a microphone with a guitar player in the background.
main-captions	images	2015	1249	2.80	Three sheep graze on the grassy field with a dog walking behind them.	a small group of goats in the grass with a black and white dog in the backgroud.
main-captions	images	2015	1250	4.40	a cyclist is making his bike jump between two rocks.	A man jumps his bicycle in the air between two rocks.
main-captions	images	2015	1253	1.80	A young girl with a pink hat on with a yellow building in the background.	A young girl in a pink dress with something in her hand.
main-captions	images	2015	1254	4.00	A girl in a pink dress rides her bike along a white picket fence.	A girl in a red dress rides her bike in front of a white fence.
main-captions	images	2015	1255	1.40	A brown furry animal stands behind some plants.	A dog pants while standing in the woods.
main-captions	images	2015	1259	1.00	A child in a red shirt is using a black wake board to splash over a beach wave.	A man in a rowboat is rowing across blue water.
main-captions	images	2015	1261	3.40	The tan and white dog is running in the field.	The brown and white dogs run through the field.
main-captions	images	2015	1273	0.80	Two teenage girls, one is smiling.	A little girl on a kid swing.
main-captions	images	2015	1278	0.20	Two birds interacting in the grass	Two dogs play with each other outdoors.
main-captions	images	2015	1284	3.40	Two hikers stand at the top of a snowy mountain.	Two mountain climbers stand on the top of a mountain looking around.
main-captions	images	2015	1290	4.80	Two children in a field of red flowers.	Two kids are playing in a field of red flowers.
main-captions	images	2015	1291	4.00	A young men jumps off rocks into a lake.	A young man in red swimming trunks jumped off a large rock into the water.
main-captions	images	2015	1292	3.60	A small black dog is in the grass.	A black dog is running in the grass.
main-captions	images	2015	1293	1.00	A lady dressed in a kimono is looking at the camera.	Two girls dressed in black are sitting in a room making suggestive poses at the camera.
main-captions	images	2015	1295	0.00	A group of people are firing up a hot air balloon.	A large group of people riding brown and white horses.
main-captions	images	2015	1300	0.00	Children play fight with swords.	A child and parent pet a horse.
main-captions	images	2015	1301	1.40	A man is wind sailing in the ocean.	A dog is running through the ocean.
main-captions	images	2015	1303	1.40	Three dogs racing on a dirt track	Cars racing on a dirt track
main-captions	images	2015	1308	1.20	Two people holding hands and walking in a field.	Two men walking past a mural of a car.
main-captions	images	2015	1311	1.60	A brown dog chases a Frisbee	A brown dog squating on grass.
main-captions	images	2015	1316	5.00	Woman in red overalls standing on the sidewalk.	A woman in red overalls stands on sidewalk.
main-captions	images	2015	1317	2.80	A dog is running through a backyard full of leaves.	Three dogs run through a field.
main-captions	images	2015	1319	5.00	two puppies playing around in the grass	Two puppies play in the grass
main-captions	images	2015	1322	1.00	Two black and white dogs are playing together outside.	Two children and a black dog are playing out in the snow.
main-captions	images	2015	1323	1.00	Three dogs running through water.	A black dog running through water.
main-captions	images	2015	1325	1.20	A woman sits alone against a brick wall	A woman is walking with a red bag.
main-captions	images	2015	1331	2.60	A brown dog carrying a stick in its mouth.	A dog swimming with a stick in its mouth.
main-captions	images	2015	1332	0.80	A young woman leans over her plate at a meal.	A young woman, topless except for paint or mud.
main-captions	images	2015	1335	3.80	A person climbs up a snowy hill while their dog follows.	A person climbs a snowy hill while a black dog follows.
main-captions	images	2015	1336	2.00	A brown dog sits on the beach.	A dog running on the beach
main-captions	images	2015	1340	5.00	Scuba diver submerged in water.	The scuba diver is underwater.
main-captions	images	2015	1341	1.80	The man is riding a bike down a dirt hill.	A trick bicyclist grinds down a handrail.
main-captions	images	2015	1342	2.60	A large gray dog is playing in the deep snow.	Four dogs playing in the snow.
main-captions	images	2015	1343	0.80	A man riding his bike on the beach by the ocean.	A man walking his cow down the side of the road.
main-captions	images	2015	1345	1.00	A dog in in a car.	A dog is biting a mop.
main-captions	images	2015	1348	1.20	A dog with floppy ears walking towards the camera in the woods.	A child in front of his own reflection turning towards the camera and smiling.
main-captions	images	2015	1350	2.40	A brown dog is splashing water everywhere by shaking the water off of itself.	A white dog is standing by a river shaking himself dry.
main-captions	images	2015	1356	1.80	A black and white dog is running on the beach.	The black and brown dog is running through the snow.
main-captions	images	2015	1359	3.40	Many middle eastern people are sitting in the back of a blue truck.	A group of people are riding in the back of a truck.
main-captions	images	2015	1360	4.20	Person with two ski poles skiing down a snowy hill.	A person skiing down a snowy hill.
main-captions	images	2015	1361	4.60	A woman is eating fish at a restaurant.	A woman eating a large fish in a restaurant.
main-captions	images	2015	1362	2.20	A child and two dogs play in the water.	A child in red and blue floaties looking down at the water.
main-captions	images	2015	1363	2.20	A skateboarder doing a trick on a stone wall.	A skateboarder riding up to a slope.
main-captions	images	2015	1365	4.60	People are standing on an escalator moving up.	People ride up an escalator.
main-captions	images	2015	1369	4.20	A lady is running her dog through an agility course.	Trainer runs her dog through training course with green pipe
main-captions	images	2015	1370	1.40	The white and brown dog is shaking its ears.	The brown dog is running across the sand.
main-captions	images	2015	1376	0.20	Some children are raising their hands and clapping.	Three children are playing soccer in the sand.
main-captions	images	2015	1380	0.00	A man blowing a large bubble.	A man walking a large black horse.
main-captions	images	2015	1382	3.80	Two people sit on a dock near the water.	Two people sit on the end of a dock in the middle of still water.
main-captions	images	2015	1386	4.60	Hockey goal-keeper laying on the ice in front of net.	A hockey player is laying on the ice in front of the goal.
main-captions	images	2015	1388	1.40	A skier wearing blue snow pants is flying through the air near a jump.	A skier stands on his hands in the snow in front of a movie camera.
main-captions	images	2015	1390	3.40	The brown dog is running along a grassy pathway.	A brown dog is running along a grassy stretch divided by strings.
main-captions	images	2015	1391	0.00	The girl is wearing a blue striped shirt and Rollerblades.	a man wearing a black and white shirt jumping on a dogs back
main-captions	images	2015	1392	0.00	A tattooed man in black playing a white guitar and singing.	A woman in a black and white coat and earmuffs.
main-captions	images	2015	1393	1.40	A dog running along the beach.	Boy and girl running along the beach.
main-captions	images	2015	1396	4.60	A young man and woman sitting on a bench outside are kissing.	The man and woman sitting on a bench are kissing.
main-captions	images	2015	1397	3.20	A brown dog is jumping up to catch a green strap in it's mouth.	A grey dog jumps to bite a green leash.
main-captions	images	2015	1399	3.20	A black dog is running in the grass.	A black and a brown dog running in the grass.
main-captions	images	2015	1406	0.50	A woman is sitting on a sidewalk with a cell phone at her ear.	A woman is riding her bicycle.
main-captions	images	2015	1407	1.20	Three dogs play in a grassy field.	Some kids play in a field.
main-captions	images	2015	1409	3.00	A young boy plays in a red ball pit.	A laughing boy lies on a pit of blue balls.
main-captions	images	2015	1412	4.40	A surfer on a wave.	A surfer is riding a wave.
main-captions	images	2015	1422	2.40	The skateboarder gets to the top of the ramp.	The skateboarder rides the pipe wall at a skater park.
main-captions	images	2015	1427	1.00	Two men in a running contest.	Dogs in a race.
main-captions	images	2015	1434	5.00	Two kids are walking on a path in the woods.	Two children walking down a path in the woods.
main-captions	images	2015	1437	3.40	a brown and white dog is running on the grass.	The tan and black dog is running across the grass.
main-captions	images	2015	1440	4.40	Two dogs run side-by-side on the grass.	Two dogs running on grass.
main-captions	images	2015	1442	5.00	Two dogs are peeing at a red fire hydrant.	Two dogs are urinating on the red fire hydrant.
main-captions	images	2015	1449	0.40	A rugby player in dark gear is carrying a light colored rugby ball with arm outstretched.	A brown dog splashes in the water while carrying a ball in it's mouth.
main-captions	images	2015	1456	1.20	Two people are walking through some water.	Two girls are walking by a tree in front of a brick building.
main-captions	images	2015	1464	4.00	A dog splashing in the water.	A dog splashes in the murky water.
main-captions	images	2015	1468	1.00	A group of people are walking down the sidewalk of a big city.	A group of people are riding in the back of a truck.
main-captions	images	2015	1471	1.00	The dog is in the air above the grass.	The dog is laying on a bed with a blue sheet.
main-captions	images	2015	1474	0.00	A black dog is running through some water.	A man in a football uniform is running with a football during a game.
main-captions	images	2015	1475	2.00	Girl stands in subway waiting on something.	A girl stands in a dimly lit area.
main-captions	images	2015	1477	0.60	The man is sitting with a little girl in the park.	The man is playing with the shaggy little dog.
main-captions	images	2015	1478	4.40	A large tan dog is running with a green item in its mouth	The tan dog is carrying a green squeak toy in its mouth.
main-captions	images	2015	1481	0.00	A group of people in boats racing towards the shore.	A classroom of students watching a presentation.
main-captions	images	2015	1482	0.60	A person is riding a skateboard in the air above a ramp.	A biker is riding along a track element located with a wooded area.
main-captions	images	2015	1484	0.00	A boy skateboards down the metal handrail at night.	A brown dog runs on the sand, holding a stick.
main-captions	images	2015	1486	0.00	A person is squeezing through an opening in the rock face.	A medium sized brown dog is running through an open white wooded area.
main-captions	images	2015	1488	2.00	Dog running towards camera with a ball in its mouth.	The black and white dog swims with a brown object in its mouth.
main-captions	images	2015	1489	4.20	A young girl running on the beach.	A little girl running at on the shore of a beach.
main-captions	images	2015	1490	1.60	A baseball player throws the ball.	The basketball player holds the ball.
main-captions	images	2015	1493	3.00	A man is swinging on a rope over water.	A man in a maroon bathing suit swings on a rope on a lake.
main-captions	images	2015	1498	1.00	A young girl dressed in a Minnie mouse outfit and an older woman walking down the sidewalk.	a man wearing a white suit holding a newspaper walking through the streets.
main-captions	images	2015	0016	4.60	Two gray dogs run together over the green grass.	Two grey dogs running in green grass.
main-captions	images	2015	0026	5.00	Two dogs are running in a grassy field	Two dogs running through a grassy field.
main-captions	images	2015	0027	0.00	The couple is sitting near the water in lawn chairs.	The boy hops from one picnic table to the other in the park.
main-captions	images	2015	0040	3.20	German Shephard jumping through black hoop while people watch	A dog jumps through a hoop.
main-captions	images	2015	0050	2.60	A group of people standing in the street	A woman addressing a diverse group of people standing in the street.
main-captions	images	2015	0054	2.20	A dog runs on brown grass.	A wet dog runs through the yellow grass holding a tennis ball.
main-captions	images	2015	0061	4.60	The man and two young boys jump on a trampoline.	A man and two boys jump on a trampoline.
main-captions	images	2015	0062	5.00	A man eating an apple, sitting in public.	A man sits in a public place eating an apple.
main-captions	images	2015	0068	4.60	two young girls hug each other in the grass.	two young girls holding each other on the grassy ground
main-captions	images	2015	0069	4.60	Two white dogs are walking through deep white snow.	Two white dogs walk through a huge bank of mountain snow.
main-captions	images	2015	0070	4.80	Four girls in swimsuits are playing volleyball at the beach.	Four women in bikinis are playing volleyball on the beach.
main-captions	images	2015	0119	0.60	Kids playing ball in the park.	Two dogs playing by the shore.
main-captions	images	2015	0124	0.20	A man in a dress suit is riding a bike down the paved road.	A man is using a large pole to remove letters from a sign.
main-captions	images	2015	0126	2.20	A black and white dog is running in a grassy garden surrounded by a white fence.	A black and white dog is jumping over a hurdle.
main-captions	images	2015	0128	4.80	The group of hikers is resting in front of a mountain.	Several hikers rest with their gear in front of a mountain.
main-captions	images	2015	0140	1.20	Two girls in blue and teal dresses and large hats are standing next to a large tree trunk.	A woman, a little boy, and a tiny baby are standing in front of a cow statue.
main-captions	images	2015	0165	2.20	A woman is sitting up asleep with her head resting on her hand.	A man who is resting his head on his hand.
main-captions	images	2015	0166	4.60	A young boy jumping into a lake.	The boy is jumping into a lake.
main-captions	images	2015	0178	2.60	A black dog is chasing two birds on the shore of the ocean.	A dog is running along the beach beside the ocean.
main-captions	images	2015	0180	3.60	A man and a woman on a bench.	A man and woman sit on a park bench.
main-captions	images	2015	0198	0.80	The brown dog is laying down on a blue sheet.	A brown dog and two black dogs in an overgrown grassy field.
main-captions	images	2015	0216	2.40	Two dogs fighting in the snow.	Two dogs standing in the snow.
main-captions	images	2015	0217	4.80	The man and two young boys jump on a trampoline.	A man and two boys are bouncing on a trampoline.
main-captions	images	2015	0248	5.00	A man practicing boxing	A man practices boxing
main-captions	images	2015	0253	0.40	The girl with the blue bucket splashes beneath the pier.	The girl in the ski jacket is walking near the buildings.
main-captions	images	2015	0262	3.20	A group of people stand in the sand looking out at the water.	A group of people are standing on the beach in front of some boats.
main-captions	images	2015	0268	1.80	A black dog is running after a white dog in the snow.	Black dog chasing brown dog through snow
main-captions	images	2015	0291	3.20	A small white dog running across a lawn.	A small white dog running
main-captions	images	2015	0294	3.40	The white and brown dog is running quickly through the grass.	The big white dog is running in the grass.
main-captions	images	2015	0323	4.80	A black dog is running in the grass.	The black dog is running through the grass.
main-captions	images	2015	0352	4.20	A black and white dog swimming in clear water.	A small black and white dog is swimming in water.
main-captions	images	2015	0359	2.60	Black and white dog running through water.	A black and white dog is running through grass.
main-captions	images	2015	0369	2.20	two dogs running in the snow	A dog laying in the snow.
main-captions	images	2015	0370	1.40	A golden dog is running through the snow.	A pack of sled dogs pulling a sled through a town.
main-captions	images	2015	0372	2.60	A skateboarder on a city street.	A skateboarder in the air at a big, outdoor ramp.
main-captions	images	2015	0390	1.20	A girl bounces in a bounce house.	A girl dances like a man in costume
main-captions	images	2015	0402	1.80	A brown and white dog is catching a tennis ball while standing on its hind legs.	the brown and white dog is carrying a stick in his mouth.
main-captions	images	2015	0407	4.00	a wet black dog with a red collar is in the river	A black dog with a red collar wading through the water.
main-captions	images	2015	0416	0.40	Two people are walking by the ocean.	Two men in fleeces and hats looking at the camera.
main-captions	images	2015	0419	0.00	Two little girls in pink are dancing.	Two ladies jogging on a path near the waterfront.
main-captions	images	2015	0435	0.40	A woman in jeans plays a video game in front of a large screen.	A man and a woman are posing for a photograph in front of a yellow flower-bed.
main-captions	images	2015	0438	3.00	Two people walking along the shore at sunset.	Two people walking along the beach at sunset towarn a group of people.
main-captions	images	2015	0448	4.00	A black dog is running through the snow.	The black and brown dog is running through the snow.
main-captions	images	2015	0449	1.40	A woman in a pink bikini is laying on a deck lounge chair that is covered with a pink towel.	A woman in a white shirt and black skirt on a tennis court.
main-captions	images	2015	0453	0.40	Three people stand in an outdoor glass structure.	A girl stands high on an obstacle course platform.
main-captions	images	2015	0456	2.40	A group of people are at a convention waving American flags.	A crowd of people at an outdoor event
main-captions	images	2015	0465	2.80	A boy skateboards down the railing of some graffiti stairs	A skateboarder is jumping over an obstacle in front of a white house.
main-captions	images	2015	0466	4.60	A white dog is running through the water at a beach	A white dog is running through the water onto the shore.
main-captions	images	2015	0472	4.20	A man and woman blow bubbles.	A man and a woman in glasses blow bubbles.
main-captions	images	2015	0477	3.20	a skateboard performs a trick off a quarter pipe.	A skateboarder attempts to do a trick over a homemade ramp.
main-captions	images	2015	0500	1.20	A woman and a man are amused by headphones.	A man and a woman resting after exercise.
main-captions	images	2015	0501	1.80	Two girls walking in the ocean.	two girls walking in the street
main-captions	images	2015	0524	2.60	Boat sails in rough water.	A man is kayaking in rough waters.
main-captions	images	2015	0532	1.60	Three dogs are playing in the white snow.	Two dogs are playing in the grass.
main-captions	images	2015	0573	0.00	A man in red swim trunks playing volleyball.	A man and woman sitting on a motorcycle.
main-captions	images	2015	0576	3.80	Two people in snowsuits laying in the snow making snow angels	Two children lying in the snow making snow angels
main-captions	images	2015	0577	4.00	A little blonde girl is standing in front of a water fountain.	A young girl standing in front of a fountain
main-captions	images	2015	0602	4.80	A boy riding on a swing.	A young boy riding in a swing.
main-captions	images	2015	0607	2.40	A black dog running through the snow.	A black dog runs through the water.
main-captions	images	2015	0614	5.00	A black dog walking beside a pool.	A black dog is walking along the side of a pool.
main-captions	images	2015	0627	0.00	The man is wearing a black shirt and hat and smiling.	A man is lifting a little girl above his head.
main-captions	images	2015	0632	3.60	A man and a woman are riding bikes on a street.	A man and woman are riding bicycles across a junction in the city.
main-captions	images	2015	0667	2.40	Two dogs in the snow	Two dogs play in the grass.
main-captions	images	2015	0673	4.20	Three dogs playing in the snow.	Three dogs run in the snow.
main-captions	images	2015	0676	0.20	The boy in the orange shirt is throwing the ball.	The black and white muzzled dog is leaping above the grass.
main-captions	images	2015	0688	4.20	Several people are sitting around a fire at night.	A group of people sit around a blazing fire at night.
main-captions	images	2015	0698	3.20	Two dogs fighting in the snow.	Two dogs play in the snow.
main-captions	images	2015	0700	0.60	A group of people are in the water.	A group of people ride in a race
main-captions	images	2015	0706	1.60	Two dogs are sniffing something in the rocks.	Two dogs running down a path in the woods.
main-captions	images	2015	0718	0.00	A black dog lays in the sand.	Kids play in the water
main-captions	images	2015	0725	1.40	A man dressed in black wearing a hat and glasses in front of a red wall.	A woman in a white shirt standing in front of a brick wall.
main-captions	images	2015	0728	4.80	A man helps a boy ride a bike.	The man helps the boy ride a bike.
main-captions	images	2015	0733	4.00	The two dogs are playing fetch in the snow.	The dogs play in the snow.
main-captions	images	2015	0740	3.00	Two dogs are playing on the beach together.	Two black dogs are playing in a grass.
main-captions	images	2015	0750	0.20	Two tan and white dogs and one tan dog racing down the beach near the water.	Lady in a pink Tinkerbell jacket stands next to the railing and looks out at the water.
main-captions	images	2015	0754	1.60	A man is riding a bicycle on a dirt path.	Two dogs running along dirt path.
main-captions	images	2015	0758	4.40	A seated young woman in a hat is reading at a coffee shop.	a woman enjoying her reading at a coffee shop
main-captions	images	2015	0759	4.80	A black and white dog is running through the grass.	The black and white dog is running on the grass.
main-captions	images	2015	0781	0.40	A woman stands with her arms out at her sides while another takes a picture.	A man stands in a crowd holding a white object.
main-captions	images	2015	0796	2.40	Many people are on the beach, near a building with flags flying.	A busy beach has people scattered on it watching the sky.
main-captions	images	2015	0803	3.00	Black and white dog running through water.	A tan and white dog runs through water.
main-captions	images	2015	0812	2.00	Three clowns in bright, multi-colored costumes.	Three women in brightly colored dresses.
main-captions	images	2015	0815	4.60	Two beige dogs play in the grass.	two tan dogs play in the grass
main-captions	images	2015	0828	1.00	A dog and a red ball in the air.	A dog digs a hole in a yard.
main-captions	images	2015	0832	5.00	A dog jogs through the grass.	a dog trots through the grass.
main-captions	images	2015	0866	1.40	Group of little girls and a dog standing on the road.	a group of people white water rafting in a blue raft.
main-captions	images	2015	0869	0.00	A man in a grey suit kneels in front of a woman in a white dress.	A woman in red with a beer followed by a man in white.
main-captions	images	2015	0878	3.00	A brown and white dog with a pink Frisbee in it's mouth is humping over a man's back.	a dog with a Frisbee in its mouth, jumps over a man.
main-captions	images	2015	0887	0.60	A dog and cat laying down together.	Two grey dogs are carrying a stick in the water.
main-captions	images	2015	0891	0.00	A family is playing on the beach with their dog.	A naked little girl being thrown into the air.
main-captions	images	2015	0898	2.60	a dog runs through the long grass.	A dog lays down in the long green grass.
main-captions	images	2015	0913	1.20	A group of people are camping out on some rocks.	A group of people are standing beside a fire truck.
main-captions	images	2015	0925	5.00	There is a black dog jumping into a swimming pool.	A black dog is leaping into a swimming pool.
main-captions	images	2015	0931	3.40	Three dogs playing in the snow while one dog wears a jacket.	Three dogs playing in the snow, with a city in the background.
main-captions	images	2015	0933	0.80	A group of people in boats racing towards the shore.	A group of people stand together and pose in front of a house.
main-captions	images	2015	0956	0.80	A crowd of people stand on a rural road, a field behind them, a forest in front.	A bunch of people standing next to a car with it's trunk open.
main-captions	images	2015	0961	1.00	A Japanese swordsman jumps into the air.	A woman is getting her dog to jump in the air.
main-captions	images	2015	0977	0.00	A man wearing US flag boxer shorts is standing on a stairway.	A woman wearing a white shirt stands on the street.
main-captions	images	2015	0978	0.00	A group of seven people are rafting in the rapids in a green boat.	A group of people are standing and sitting around on the ground at night.
main-captions	images	2015	0980	2.00	A man with long hair is looking through a camera.	A man with sunglasses looking straight ahead.
main-captions	images	2015	1018	2.40	The black and brown dog is playing in the yard.	The black and tan dog is chasing something he has spotted.
main-captions	images	2015	1030	2.20	A boy is jumping into the water with a ball in his hand.	A little boy swimming underwater with a toy in his hand.
main-captions	images	2015	1032	3.80	A person wearing scuba gear is swimming underwater water.	A person is scuba diving in very clear blue water.
main-captions	images	2015	1035	2.20	This dog is jumping through the water.	Two dogs running through the water on a beach.
main-captions	images	2015	1089	4.60	a young girl smiling with her head upside down	A girl poses with her head upside down.
main-captions	images	2015	1090	2.80	Two women holding checkered flags near an orange car.	Two ladies in skimpy clothes pose next to an old fashioned car.
main-captions	images	2015	1155	2.00	A hockey player looks intently downward.	A hockey player during a game.
main-captions	images	2015	1160	4.20	Two brown dogs chase each other in the snow.	Two brown dogs are playing with each other in the snow.
main-captions	images	2015	1165	4.50	Children are playing on a trampoline in the snow.	Several children and jumping on a trampoline in the snow.
main-captions	images	2015	1196	0.00	A dog with a stick follows another dog through the water.	A four wheel drive car is driving through the mud.
main-captions	images	2015	1200	1.80	A black and brown dog is chewing on a large stick.	A black and white dog playing in the sand.
main-captions	images	2015	1205	4.20	Two black dogs playing in the grass.	Two dogs play in the grass.
main-captions	images	2015	1208	4.20	Two boys are jumping into a pool.	Two boys are in midair jumping into an inground pool.
main-captions	images	2015	1229	1.40	A group of men walk and hang onto ropes.	A group of men play a college football game.
main-captions	images	2015	1233	3.60	A black person in black and red is sleeping on a bench with an open black umbrella.	A man sitting up taking a nap on a park bench with an open umbrella protecting him from the sun.
main-captions	images	2015	1251	0.60	A man with a grey beard rides his bike on the beach of the ocean.	A spotted dog stands on his hind legs to catch a ball on the beach.
main-captions	images	2015	1266	5.00	A Golden Retriever jumping off a wood porch.	A golden retriever is jumping off a wooden porch
main-captions	images	2015	1302	0.80	A man is skating down a set of stairs.	The man is skiing down a snowy hill.
main-captions	images	2015	1313	0.00	A lady with a yellow outfit is in the air above the bed in a yellow room.	A dog with a red leash still attached chases over the grass toward a tennis ball.
main-captions	images	2015	1328	0.00	A skier is jumping in the air over a snowfield near a mountain range.	A woman is sitting near a flower bed overlooking a tunnel.
main-captions	images	2015	1333	1.80	The dogs are playing in the snow.	Two dogs playing on the shore.
main-captions	images	2015	1334	0.80	A young boy in red swim trunks is jumping into a pool.	A dog is being squirted with a hose as it jumps into a paddling pool.
main-captions	images	2015	1344	2.80	Two dogs are running on the grass in front of the trees.	A brown dog is running on the grass in front of some trees.
main-captions	images	2015	1351	0.00	a young boy climbing on a rock wall	Five greyhounds are racing on a sand track.
main-captions	images	2015	1372	0.80	A skateboarder jumps off the stairs.	A dog jumps off the stairs.
main-captions	images	2015	1384	1.80	Two dogs running together and one has a duck toy in its mouth.	a black and white dog walking through the grass with a long stick in his mouth.
main-captions	images	2015	1385	1.40	The black and white dog is running on the grass.	A black and white dog swims in blue water.
main-captions	images	2015	1438	1.80	A woman runs on the beach.	a dog runs across the land.
main-captions	images	2015	1452	2.40	A golden colored dog jumps around in the grass while holding a stick in its mouth.	A black dog is running through the grass carrying something red in its mouth.
main-captions	images	2015	1462	1.60	A white dog is playing with a ball on the beach.	A black and white dog is playing with a tan dog.
main-captions	images	2015	1472	3.80	Woman in black dress with red accessories is walking down the street.	Woman in a black dress walking on the street.
main-captions	images	2015	1476	4.80	Two dogs approach each other in the grass.	Two dogs face off of each other on the grass.
main-captions	images	2015	0022	2.80	Two dogs play in the grass.	Two dogs playing in the snow.
main-captions	images	2015	0029	4.80	Three people sit at a picnic table outside of a building painted like a union jack.	Three people sit at an outdoor table in front of a building painted like the Union Jack.
main-captions	images	2015	0038	1.40	A dog swims through the water.	A dog wearing a cape is running through the snow.
main-captions	images	2015	0043	2.40	A young laughing girl and a boy are playing on a big drum.	A baby girl and little boy are standing next to a guitar and a drum.
main-captions	images	2015	0047	1.80	The brown dog runs on the snow with a white ball in his mouth.	Four dogs play in the snow with the city skyline behind them.
main-captions	images	2015	0071	4.80	A bird flies across the water.	A bird flies above the water.
main-captions	images	2015	0073	1.40	A dog is running through a pond	A pale dog is running along a dirt path.
main-captions	images	2015	0083	0.40	A man and a woman watch two dogs.	A man in a maroon bathing suit swings on a rope on a lake.
main-captions	images	2015	0084	1.33	A man sits by a dock looking at the water.	A man jumps off a rock into the water
main-captions	images	2015	0097	2.40	A brown and white dog is running through the snow.	a brown and white dog is running on the grass.
main-captions	images	2015	0104	0.40	A man and a woman are standing in front of a building	Two girls are sitting on an ATV on the sand in front of a bridge.
main-captions	images	2015	0150	0.60	Three dolphins are jumping out of a pool in front of a crowd of people.	A man is giving a presentation in front of a lot of people.
main-captions	images	2015	0154	4.80	The dog is running through a field.	A dog runs through a field.
main-captions	images	2015	0155	2.80	A black and white dog is jumping into the water.	a white dog runs across the water.
main-captions	images	2015	0174	2.00	A tan and white dog retrieving a ball on a gravel path.	A large dog walks along a gravel path in the woods.
main-captions	images	2015	0197	2.60	A brown and white dog is walking up snowy steps.	A black and white dog frolics in the snow.
main-captions	images	2015	0242	0.00	A woman in a black and orange jacket throws a stick for a brown and black dog to fetch.	The man in a blue jacket is standing in a crowd.
main-captions	images	2015	0257	2.40	A dog running across the snow with a snowball in it's mouth.	A tan dog is running through the grass with a yellow toy in its mouth.
main-captions	images	2015	0277	4.00	A small boy is building with some wooden blocks.	A small boy wearing a blue shirt stacks wooden blocks.
main-captions	images	2015	0301	4.00	A man and a woman walk with a white dog on a leash.	A man, woman and dog walk down a paved road.
main-captions	images	2015	0335	4.00	A young boy wearing a red winter coat is eating and holding up a candy bar.	A young boy wearing a red coat eats a chocolate bar.
main-captions	images	2015	0353	0.00	Two racing dogs run in the mud.	The man is going into the water.
main-captions	images	2015	0356	3.20	A young boy jumping into a pool that says "no diving".	A boy jumps into a pool while lifeguards watch.
main-captions	images	2015	0363	1.40	Three dogs running in the dirt.	The yellow dog is running on the dirt road.
main-captions	images	2015	0373	3.60	Four children on stools in a diner.	Four children sit on tall bar stools at a yellow and grey bar.
main-captions	images	2015	0374	4.40	Boy and white dog running in grassy field	A boy and a dog running on grass
main-captions	images	2015	0380	5.00	Two boys playing a game of flag football.	Two boys are playing flag football.
main-captions	images	2015	0387	1.80	The black and white dog has its mouth wide open.	A black and white dog jumps in the snow.
main-captions	images	2015	0398	4.80	One white boy and one black boy stand with arms around each other.	Two young boys, one white and one black, are standing with their arms around each other.
main-captions	images	2015	0415	0.60	Girl playing in a puddle with her bare feet.	A child is playing with two white and black geese.
main-captions	images	2015	0422	1.40	Two children splashing in the water.	Two dolphins jumping into the water.
main-captions	images	2015	0440	0.20	A man in a suit dances with a young girl in front of an audience.	A women dangles from a blue fabric connected to a tree.
main-captions	images	2015	0442	4.20	Three children playing on a floor with toys.	Three children sitting in floor playing with several toys.
main-captions	images	2015	0459	4.60	The two dogs are playing in the yard.	Two dogs are playing on the grass.
main-captions	images	2015	0503	4.00	The # 2 greyhound dog is running around a track.	a muzzled greyhound dog is running around a track
main-captions	images	2015	0510	4.60	four children are playing on a trampoline.	Four kids are jumping on a trampoline.
main-captions	images	2015	0527	1.80	A black and tan dog standing in a field near trees	A white dog is standing by a river shaking himself dry.
main-captions	images	2015	0542	4.60	A black dog running into the water.	A black dog running through water.
main-captions	images	2015	0574	0.20	a man and woman walking past a record shop	A man and woman kissing in front of a crowd of people.
main-captions	images	2015	0589	2.60	Two dogs play in the grass.	Two tan dogs play in the snow.
main-captions	images	2015	0592	3.80	Three children wrestle on a floral carpet.	Three children playing on the floor.
main-captions	images	2015	0593	0.00	A boy in red jumping into a sandbox.	A dog swimming in a pond
main-captions	images	2015	0598	5.00	a dog jumps into the water.	A dog is jumping into the water.
main-captions	images	2015	0629	3.60	A wet, blond dog carries a stick on the shore.	The wet, brown dog has a stick in his mouth and is running in the sand next to the water.
main-captions	images	2015	0634	4.60	A man and a dog on rocks on a beach.	A man and dog on a rocky seashore.
main-captions	images	2015	0639	2.00	Large group of people standing outside of a building.	A group of people are ice skating in a big city.
main-captions	images	2015	0691	5.00	Two dogs are running in the field.	Two dogs running in a field.
main-captions	images	2015	0693	0.00	Two people are in bed.	Two boxers are in the ring.
main-captions	images	2015	0720	3.40	A light brown dog runs down a path happily.	A pale dog runs down a path.
main-captions	images	2015	0730	0.00	A red haired women in black is posing for a man while resting on a tree.	A man in a black shirt is holding a child wearing sunglasses.
main-captions	images	2015	0739	2.00	Two black dogs are jumping and playing with a yellow tennis ball in the snow.	A brown dog and a black dog playing with a yellow soccer ball.
main-captions	images	2015	0743	2.00	A black and white dog is jumping over a hurdle.	A white dog running over a bridge.
main-captions	images	2015	0757	4.60	Two brown dogs runs through the water.	Two brown dogs running through water.
main-captions	images	2015	0770	3.00	A black dog is jumping out of water.	A black dog is shaking off water.
main-captions	images	2015	0790	4.60	A man climbing a rock-face.	A man is climbing a rock wall.
main-captions	images	2015	0792	2.00	Woman playing tennis and hitting the ball.	A woman is playing volley ball.
main-captions	images	2015	0795	2.60	A young boy with his hair standing up, is sliding down a blue slide	The kid in the orange shirt is sliding down a teal slide.
main-captions	images	2015	0797	0.40	A dog standing in the water.	A girl playing on a parachute.
main-captions	images	2015	0801	2.60	A surfer is riding on a breaking wave.	a group of surfers catching a wave
main-captions	images	2015	0816	4.20	Two dogs are running through the grass near a house and trees.	Two dogs are running through a green yard
main-captions	images	2015	0830	0.00	A brown and white dog is running across a brown field.	A person hanging from a rocky cliff.
main-captions	images	2015	0838	2.20	A black dog standing in the grass near a volleyball.	A brown and black down with a blue collar near a soccer ball on a grassy field.
main-captions	images	2015	0861	4.00	A white dog with light brown markings has a stick in his mouth and his paws in the snow.	A white dog holds a stick in its mouth while it runs through snow.
main-captions	images	2015	0868	0.00	A man in a wet suit is throwing a baby wearing a wet suit up into the air.	A man in a white print shirt and a woman in a black dress dancing.
main-captions	images	2015	0875	2.00	A black and white dog is running through the grass.	A tan dog is walking through snow.
main-captions	images	2015	0885	3.00	A harnessed dog leaps over a log as another dog follows behind.	A brown and white dog is leaping over a log in a field while another dog follows behind it.
main-captions	images	2015	0923	2.60	A dog running on the grass	Two dogs are running on the grass.
main-captions	images	2015	0932	0.00	Many football players sitting on the ground.	A dog rolls on the ground.
main-captions	images	2015	0934	0.00	A little boy and a little girl playing together outside.	A woman wearing a white shirt stands on the street.
main-captions	images	2015	0939	4.80	The surfer does a flip off of a wave.	A surfer does a flip on a wave.
main-captions	images	2015	0944	3.00	A female DJ holds up a Michael Jackson album.	a girl holding a picture of Michael Jackson smiling
main-captions	images	2015	0955	2.20	two white standard poodles play with a toy in the snow	Two dogs fighting in the snow.
main-captions	images	2015	0957	4.40	Boy lies on stomach in grass.	Small boy lying on his stomach on the grass.
main-captions	images	2015	0970	0.80	A white dog runs along a rocky shoreline.	A dog jumps over a hurdle.
main-captions	images	2015	0983	3.40	a black and white dog jumping in the air to catch a Frisbee	A black and white dog jumping in a yard.
main-captions	images	2015	0984	0.00	The woman is holding the harness that the brown and white dog is wearing.	A man and woman are looking at artwork that is on easels and clipped to a fencing wall.
main-captions	images	2015	0993	0.60	A girl is jumping.	A boy is rock climbing.
main-captions	images	2015	1003	0.00	A young pitcher is throwing the baseball.	A brown dog is walking on the grass beside a fence.
main-captions	images	2015	1014	2.40	Three children playing in snow.	Three children playing in hay
main-captions	images	2015	1017	3.40	Two people ride their bikes down a dirt road.	Two people riding their bikes on a hill.
main-captions	images	2015	1025	4.00	A brown dog is running through the field.	a brown dog with his tongue wagging as he runs through a field
main-captions	images	2015	1044	2.00	A dog is standing in the sand.	A tan dog is standing in front of some plants.
main-captions	images	2015	1045	4.00	Four girls in swimsuits are playing volleyball at the beach.	Four ladies in swimsuits play sand volleyball on the beach.
main-captions	images	2015	1050	4.80	A blonde haired toddler swinging on a tire swing.	A blonde haired child is swinging on a tire swing.
main-captions	images	2015	1073	0.60	A child wearing blue and white shorts is jumping in the surf.	A girl wearing green twists something in her hands.
main-captions	images	2015	1081	2.40	Two dogs running on the shore.	A white dog running on the beach.
main-captions	images	2015	1102	4.40	A yellow car speeds along a snowy field.	A yellow car drives quickly in the snow.
main-captions	images	2015	1112	2.40	Two dogs playing in snow.	Two dogs playing in grass.
main-captions	images	2015	1113	4.80	One boy is pushing another boy on a swing.	A boy is pushing another boy on the swings.
main-captions	images	2015	1114	3.40	A pitcher on a mound throws a baseball.	A boy in the middle of a pitch at a baseball game.
main-captions	images	2015	1143	2.80	A little girl is riding a toy tricycle on springs.	A little girl is playing on a toy outdoors.
main-captions	images	2015	1151	0.80	A woman is sitting in the water.	The woman is skating in the park.
main-captions	images	2015	1153	2.20	A tan girl in a floral bikini is swimming in dark blue waters.	a little girl in a flowered bathingsuit runs through the sand at the beach
main-captions	images	2015	1180	3.80	a grey dog swimming through a river with a stick in his mouth	Dog swimming through water carrying stick in its mouth
main-captions	images	2015	1183	0.40	A woman in a blue bathing suit is jumping off a dock into a lake.	a boy in a blue shirt and blue jeans runs across a playground
main-captions	images	2015	1198	4.60	Two black dogs are playing on the grass.	Two black dogs are playing in a grassy plain.
main-captions	images	2015	1244	3.00	Two puppies playing with a plastic bag.	Two dogs playing in a yard.
main-captions	images	2015	1252	4.60	A man in a black suit is surfing along a crashing wave.	A surfer wearing a black wet suit is riding a a white wave in the ocean.
main-captions	images	2015	1262	0.80	Three little girls are sitting on the grass.	Two poodles are running through the snow.
main-captions	images	2015	1265	4.00	A brown dog runs towards the camera on a dirt trail with mountains in the background.	A brown dog runs toward the camera down a rocky trail through the brush with mountains in the background.
main-captions	images	2015	1268	1.20	Dog is jumping down a ramp.	A girls is jumping in the sand.
main-captions	images	2015	1270	3.20	The dog plays in the park.	The dog leaps over the fence in the park.
main-captions	images	2015	1280	3.60	Four dogs stand in the snow.	Four dogs playing in the snow.
main-captions	images	2015	1283	3.40	Brown and black dogs on snow, showing teeth and barking at each other.	A black dog fighting with a brown dog in the snow.
main-captions	images	2015	1288	5.00	A man running on a track.	a man running track
main-captions	images	2015	1321	4.00	A light-colored dog runs through the grass.	A dog runs through the grass.
main-captions	images	2015	1347	4.00	Child holding an object that is on fire.	A child in pink holds an object that appears to be on fire.
main-captions	images	2015	1408	2.80	A small white dog climbs over a log.	a small dog steps onto a log.
main-captions	images	2015	1415	3.80	The dogs play in the snow on hind legs.	Two dogs play in the snow.
main-captions	images	2015	1429	2.60	A boy skateboards down the railing of some graffiti stairs	A skateboarder slides down a handrail on his feet.
main-captions	images	2015	1433	2.00	A black and white dog runs through the water.	Black and brown dog runs through field.
main-captions	images	2015	1458	0.80	A girl is running on a desert path.	A young girl is talking on a cell phone.
main-captions	images	2015	1467	5.00	A man steers a blue boat past brightly colored houses.	a man driving a blue boat passes by some colorful houses.
main-captions	images	2015	1494	1.00	A woman wearing large sunglasses holds newspapers in both hands.	A fat woman wearing faint blue top is blowing soap bubble.
main-captions	images	2015	1497	5.00	A deer jumps a fence.	A deer is jumping over a fence.
