belief	2015	0002	2.70	hollywood will be required occasionally to cast english actors as good guys.	hollywood will also be required to cast english actors to play english characters.
belief	2015	0003	4.00	so sueing companies like boeing because they want to build in a state his "friends" don't control is not hurting job growth?	| decisions based on evidence so sueing companies like boeing because they want to build in a state his "friends" don't control is not hurting job growth?
belief	2015	0005	1.60	insignificant to you maybe.	insignificant 20 bucks a week isn't?
belief	2015	0006	1.80	sorry, agw has been proven.	agw has not been proven.
belief	2015	0007	4.60	and this unemployment bill?	about the unemployment bill?
belief	2015	0010	4.71	yeah, we love the troops the way michael vick loves dogs.	maher: america loves its troops 'the way michael vick loves dogs' | newsbusters.org
belief	2015	0011	3.60	don't cook for him - he's a grown up.	don't worry about him - he's a grown up.
belief	2015	0015	4.20	this "plot" smells a rat.	not srs this "plot" smells a rat.
belief	2015	0019	4.60	but what i said to myself was "do i deserve this for the rest of my life or do i deserve better?"	so ask yourself "do i deserve this for the rest of my life or do i deserve better?"...i
belief	2015	0022	3.20	and for people who have gone through that experience life is cheap and with a shell-shocked mind can be extremely dangerous to themselves and to others hotwater society trains our soldiers to kill in time of war and yet expects them to respect life in time of peace.	and for people who have gone through that experience life is cheap and with a shell-shocked mind can be extremely dangerous to themselves and to others : often, none of that seems to matter once they've been used as means toward achieving an end desired by the machine.
belief	2015	0023	3.00	the irony of wistful recollections of past protest adventures clothed as they were in a style and form so like their own caricatures of the "reactionary" forces they opposed" and yet i fought on the ground in viet nam.	the irony of wistful recollections of past protest adventures clothed as they were in a style and form so like their own caricatures of the "reactionary" forces they opposed, was just too much for me.
belief	2015	0025	2.40	do you know who benefits from profits?	do you know who shareholders are?
belief	2015	0026	3.20	2) when i said this-- "i think making excuses for racism is a dangerous form of racism.	5) that dlowan sees this as a personal attack is stretching far too thin-- "i think making excuses for racism is a dangerous form of racism.
belief	2015	0027	4.60	that doesn't make any sense.	it just doesn't make sense.
belief	2015	0030	4.00	ishallriseagain fucked around with this message at jan 04, 2012 around 06:06 every single person who is assuming zimmerman should be in jail just because the kid he shot was black.	every single person who is assuming zimmerman should be in jail just because the kid he shot was black.
belief	2015	0031	4.80	that's why i can no longer support them.	i can no longer support them.
belief	2015	0033	2.40	claim: powell claimed that iraq was building long-range remote drones specifically designed to carry biological weapons.	claim: powell claimed that "unnamed sources" confirmed that saddam had authorized his field commanders to use biological weapons.
belief	2015	0034	4.60	and the idea was to help people connect with volunteer opportunities.	and they would try and put people together with volunteer opportunities.
belief	2015	0035	5.00	what point are you trying to relay?	what are you trying to say?
belief	2015	0037	4.00	2. im not sure if i can include my own thoughts surrounding decisions.	3. im not sure if i can include objections and conerns i raised at the time about decisions.
belief	2015	0041	3.70	ok, thanks for the explanation.	thanks for the heads up.
belief	2015	0043	4.80	for your advice guys!!	for your advice guys...my
belief	2015	0046	4.20	would't be shocked if they used nukes either tbh that is a big claim, it would quite an amazing escalation if israel used nuclear bombs on iran.	that is a big claim, it would quite an amazing escalation if israel used nuclear bombs on iran.
belief	2015	0047	4.00	i had a dream i was surronded by bamboo, on my belly and scared.	a little over a year later i was surronded by bamboo, on my belly and scared.
belief	2015	0048	0.00	here's a link to an interview he gave about the spill.	that is what liberty is about, after all.
belief	2015	0049	5.00	i just don't get this.	it just doesn't make sense.
belief	2015	0050	4.00	"[o]ne thing that i do know is his having grown up in kenya, his view of the brits, for example, very different than the average american," huckabee told host steve malzberg, the washington post reported.	and one thing that i do know is his having grown up in kenya - his view of the brits, for example, very different from the average american.
belief	2015	0051	5.00	i am sorry for this news to you but this has been the case since...well,	[quote=trajan;4550118] i am sorry for this news to you but this has been the case since...well,
belief	2015	0053	3.90	libertarian lunkhead parroting the neocon/teabagger rhetoric...and	or are you truly just another libertarian lunkhead parroting your neocon/teabagger cousin's stupidity?
belief	2015	0054	2.40	that's a substantial drop that you are choosing to ignore.	that's what laffer was saying and that's what you are choosing to ignore.
belief	2015	0055	4.20	the jooz mushy has to be the odds on favorite.	mushy has to be the odds on favorite.
belief	2015	0058	2.40	you left out oil companies, braniac.	opec aren't oil companies, braniac.
belief	2015	0061	2.33	obama's approval ratings are hovering below 50%, yet he has made the list for the 4th year in a row.	grief he's at the top of the list for the 4th year in a row.
belief	2015	0062	3.40	eventually we'll all be good with "a full time job with the feds."	i'm all good now i got a full time job with the feds.
belief	2015	0063	3.80	the worst economic recovery since the great depression - forbes if reid and pelosi had actually investigated gwb as you claim and i wished then he and many of his administration and other war criminals would now be in prison.	if reid and pelosi had actually investigated gwb as you claim and i wished then he and many of his administration and other war criminals would now be in prison.
belief	2015	0064	1.60	i know when one side tries to shut down the debate saying there is a consensus, they're lying.	i know what you're trying to do, but you should aim it at someone who takes the bait.
belief	2015	0065	0.60	needs thinking about.	know what im talking about.
belief	2015	0066	2.30	presi*dent obama would double it.	president obama would continue that trend.
belief	2015	0067	3.00	the gop is fighting for freedom of choice.	so now it is a fight for freedom of choice.
belief	2015	0069	1.60	so now it is a fight for freedom of choice.	the gop is fighting for freedom of religion.
belief	2015	0070	3.40	because gays are yucky and lobster tastes good peach must be busy.	because gays are yucky and lobster tastes good drinking already?
belief	2015	0072	0.80	japan surrendered unconditionally.	germany surrendered in april.
belief	2015	0075	3.80	"why didn't we hear about the deficit during the bush administration?"	why didn't we ever hear about it during the bush admin when during his admin the national debt was more than doubled?
belief	2015	0076	4.20	what is limbaugh's or beck's "intent" when they take some innocuous comment uttered by someone in the obama administration, or the president himself, and create an entire show about it?	moving on..."what is limbaugh's or beck's "intent" when they take some innocuous comment uttered by someone in the obama administration,..."
belief	2015	0078	0.60	i'm serious about this.	i'm not sure about any of those.
belief	2015	0079	3.80	given the israeli mentality i would say we will see them strike iran.	would't be shocked if they used nukes either tbh given the israeli mentality i would say we will see them strike iran.
belief	2015	0081	2.40	i'm not talking about this year, maggie.	you're not talking about current events.
belief	2015	0083	1.20	well they already are taught about homosexuality in schools.	the reality is it is not anyone's focus to actually improve the schools.
belief	2015	0084	3.40	mr brown said he had asked the cabinet secretary, britain's most senior civil servant, to arrange support for all parties that might be involved in talks over a possible future coalition government.	"i have asked the cabinet secretary to arrange for the civil service to provide support on request to parties engaged in discussions on the formation of government."
belief	2015	0088	3.80	- video shows usda official saying she didn't give 'full force' of help to white farmer date says 7/20.	- video shows usda official saying she didn't give 'full force' of help to white farmer try to read the entire thread before post, as it will make you appear less silly.
belief	2015	0089	1.80	read a little deeper in the wikipedia article.	you really do need to read what other experts in the field are saying, my friend.
belief	2015	0093	4.20	i have to say im bad and have called in sick before when i wasnt really sick.	i have called in sick when i wasn't cat...not
belief	2015	0094	3.20	the entire caribbean ocean has been poisoned.	the entire caribbean poisoned?
belief	2015	0096	3.20	only six percent of posters will read that entire article.	imagine if rdean knew how to build an intelligent op only six percent of posters will read that entire article.
belief	2015	0101	4.40	the jury instruction given on this clearly put the question of first amendment protection in their laps.	the jury is charged on the law and in this case material fact was the free speech 1st amendment protection.
belief	2015	0102	0.70	by the way, the truth of the super committee negotiations is that the democrats didn't off one single plan.	i'd say the precedent was set when the democrats gave clinton a pass for lying under oath.
belief	2015	0105	3.60	the official spoke on condition of anonymity because the crash is still being investigated.	the official, who spoke on condition of anonymity, said he was receiving his information from an afghan officer in kabul.
belief	2015	0107	3.60	does not have the vision or the courage to sustain a program like apollo.	doesn't have the vision to "sustain" apollo?
belief	2015	0109	0.00	people forgave clinton for the lying because the question never should have been asked in the first place.	no need for lawyers because the strings are pulled so that they aren't ever charged in the first place.
belief	2015	0113	1.80	you've worn out the handle on your favorite mug.	you've worn the finish off your coffee table.
belief	2015	0114	0.00	they "have" fox because fox news reports on newsworthy events.	i saved up for it because i knew i was going to need it.
belief	2015	0115	4.20	a bubble is a market that is artificially propped up for any reason.	my understanding of a "bubble" is a sector that is artificially propped up..despite
belief	2015	0116	0.20	it's because the right, that party of "morals", don't have "low" standards.	quite simply because they're pissing on the graves of those who died.
belief	2015	0119	5.00	so you agree that if only 10% of what hacks like you say were true then our wonderful country would have folded in 1777?	like i said earlier, if only 10% of the horseshit you rightwing bitches said were true then our wonderful country would have folded like a cheap suit in or about 1777.
belief	2015	0122	0.20	i know when the only solution is to spend trillions for minimal, unproven benefit, i know the liar is a leftist.	i believe that the iran issue is more of an israeli problem then it is of the usa or the western world.
belief	2015	0123	1.00	you will cease playing american football.	further, you will stop playing baseball.
belief	2015	0125	2.80	however, i have included my objections and concerns i raised at the time and why i objected.	3. im not sure if i can include objections and conerns i raised at the time about decisions.
belief	2015	0127	0.40	thank you for pointing me foster.	thank you for your concern pelastration.
belief	2015	0129	2.60	so, he is a 'self made man', if you want to quibble over that, fine.	if that is not a self made man i have never heard of one.
belief	2015	0133	0.20	i agree with there goes trouble.	i am done with this thread.
belief	2015	0135	1.20	recession is when a neighbor loses his job.	depression is when you lose yours.
belief	2015	0139	3.90	wtf are you babbling about?	wtf is that all about?
belief	2015	0141	3.20	the ows are just a bunch of spoiled kids that want great pay w/o the education or effort it takes to get it.	they are all a bunch of spoiled kids, or whiny adults that want other people to take care of them.
belief	2015	0142	1.50	it is irrelevant that race is not a valid biological phenomenon as long as it is an observable phenomenon.	being an american is not a valid biological phenomenon either, yet, all of you consider yourselves americans.
belief	2015	0145	2.80	president obama would continue that trend.	president obama is doing a bang up job.
belief	2015	0147	1.60	did i say i excused it?	where did i say it did?
belief	2015	0149	2.00	i know that bothers you socialists/progressives, but that's the way it is.	man, you socialists/progressives really are lost.
belief	2015	0150	1.60	perhaps you would care to offer an alternate theory.	perhaps you should just keep your eye on the situation and see how it goes.
belief	2015	0153	2.40	did anybody else find this disturbing?	does anyone else find that astonishing?
belief	2015	0155	4.40	would't be shocked if they used nukes either tbh given the israeli mentality i would say we will see them strike iran.	would't be shocked if they used nukes either tbh that is a big claim, it would quite an amazing escalation if israel used nuclear bombs on iran.
belief	2015	0156	0.80	sadly, by then we had already lost the political war on the streets and campuses of the united states.	it's whether or not political rhetoric can cause people to do violence.
belief	2015	0159	2.47	where were the "tea partiers" in late '08!!!!?????	but where were the public tea parties!!!!!!!!!??????
belief	2015	0161	1.80	the anti-semites and nazis, we're already familiar with.	the career conspiracy exploiters and the lunatics they exploit, we're already familiar with.
belief	2015	0162	1.00	i think there are a number of high-profile crimes where criminals are held long long after the point where they are a danger to anyone.	i've yet to hear anyone exonerate loughner of his crimes on the grounds that the media, not he, was solely to blame.
belief	2015	0165	0.80	he now wants to go to court for a contact order.	someone needs to go to jail for that one.
belief	2015	0167	1.60	do you even pay attention to current events?	you're not talking about current events.
belief	2015	0171	3.00	maybe they don't want to whip up hatred for the sake of ratings?	maybe they don't like race baiting?
belief	2015	0172	0.67	six months is the minimum recommended by financial planners.	add into it the disruption of their financial connections.
belief	2015	0173	2.00	rslw: because they are horrible, fascist skin head brutes.	vor: you don't think of them as horrible, fascist brutes?
belief	2015	0179	3.00	government - historical debt outstanding - annual 2000 - 2009 and now your ossiah is going to double that.	government - historical debt outstanding - annual 2000 - 2009 the 2009 debt number is from the bush administration's fiscal year.
belief	2015	0185	3.00	i mean, being a history student..	being a university student.
belief	2015	0188	3.80	like 99.99% of your idiotic questions, it doesn't deserve an answer for its fatally flawed premise.	that was a stupid question and didn't deserve and answer..
belief	2015	0189	4.40	what are you trying to say?	wtf are you babbling about?
belief	2015	0191	3.60	our country is supposed to be a nation of laws and not men, right?	what happened to america being a nation of laws and not men?
belief	2015	0195	3.10	driving on an icy road and wrecking isn't a federal problem until it affects thousands of people.	every winter driving on icy roads affects thousands of people.
belief	2015	0201	4.00	my understanding of a "bubble" is a sector that is artificially propped up..despite	a bubble is a market that is artificially propped up for any reason.
belief	2015	0202	0.00	the proper course was taken about nagasaki and hiroshima.	the problem is us, through and through.
belief	2015	0203	2.20	i can't carry on as i am, so i do need to know what his long term intentions are.	i don't mean to be dense, but why do you have to find out what his long term intentions are?
belief	2015	0205	0.60	it worked in the snyder case.	that is the entire case.
belief	2015	0207	3.20	if your problem is with the banks,then sue the banks and try to get some money out of them.	sue them and try to get some money out of them.
belief	2015	0213	2.60	i rang him at 5.30am to see where he was, no reply.	sent him a text asking him to let me know he was ok, no reply.
belief	2015	0215	2.00	good luck social security has nothing to do with marriage.	actually social security does have something to do with marriage in the way it (ss) is administered.
belief	2015	0217	0.00	it's like being against hammers.	he's not ranting against the troops.
belief	2015	0221	3.10	the entitlement gravy train is off the tracks and out of gravy.	the gravy train really is all out of gravy.
belief	2015	0222	1.80	and in the end, bush's poll numbers were circling the drain because of his spending...	point me in the direction of all those tea baggers who were out there screaming about the bush deficit spending.
belief	2015	0223	4.00	just can't stop feeling this way.	wish i could stop thinking this way.
belief	2015	0227	2.20	interestingly, both sides rejected an offer to order the remaining "sleeping" protesters out of building.	why would walker's cronies reject an offer to order the "sleeping protesters" out of the capitol?
belief	2015	0231	0.00	time to get the government out of the bedroom.	sue them and try to get some money out of them.
belief	2015	0232	2.40	that’s normally the case.	that is the entire case.
belief	2015	0234	3.60	it was left up to them to decide whether the first amendment applied.	the jury is charged on the law and in this case material fact was the free speech 1st amendment protection.
belief	2015	0237	2.20	has there even been any criminal investigation?	there's not even an investigation.
belief	2015	0240	0.80	'poof' disappears: just because they don't show it to you.	don't want to read and run but i don't know what to say.
belief	2015	0261	4.00	does anyone know if this is possible??	how is that possible?
belief	2015	0263	0.00	none of it would exist if it wasn't used to reduce weight on our spacecraft.	one would think they would run with the story, but they haven't.
belief	2015	0267	0.80	it is a democracy with regular changes in government many of them due to coup.	i think it's a real shame on the part of our government for treating them like this.
belief	2015	0268	0.00	people are just standing in lines waitin' to become teachers.	are you just being a stupid crank with this neocon/teabagger bs?
belief	2015	0272	1.40	sorry, you just don't.	sorry for your loss, this could be handy.
belief	2015	0277	3.20	sorry for such a long waffly post - any ideas would be much appreciated!	any help would be much appreciated.
belief	2015	0287	1.60	ask yourself what you look for in a friend too.	i went out & found new friends.
belief	2015	0301	1.40	that is what we're up against and must compete on a global scale.	this is what we all feared was going on anyway.
belief	2015	0307	1.80	to them it was good enough.	so that is the end of that.
belief	2015	0309	2.40	just another bit of that graph thats false.	other parts of the study's methodology is flawed.
belief	2015	0312	3.40	i don't think most british people are too lazy to work but i think they have unrealistic expectations of work.	i don't think most brits want to start at the bottom and do tedious low paid jobs before they get the experience to climb up the career ladder.
belief	2015	0317	2.20	it's not your fellow citizens' responsibility to do that.	but don't demand your fellow citizens pay for your own mistakes or problems with banks.
belief	2015	0326	0.00	i wonder how this will pan out.	and he spent his money on things he cared about.
belief	2015	0328	1.60	the teaser on national public radio mentioning that tomorrow (wed) during morning edition there will be a story on the minimum wage.	also mentioned that the bush administration is not in favor of raising minimum wage.
belief	2015	0337	0.60	that's how i would feel supported.	it has now been lifted.
belief	2015	0338	2.60	you have made a claim, that japan offered to surrender in 1945 numerous times before either bomb was dropped.	the lie that japan was ready to surrender is revisionist history.
belief	2015	0341	0.00	it's not because he is stupid, it's because there is so much faith and so little critical thinking in his rantings.	i am not a fan of autobiographies because they contain so much information i don't care about.
belief	2015	0342	1.20	government - historical debt outstanding - annual 2000 - 2009 the 2009 debt number is from the bush administration's fiscal year.	like the "housing" bubble at the beginning of the bush administration.
belief	2015	0346	0.60	they can negotiate their own contract without having to carry the fat, lazy, uneducated, low skilled and dependent union worker.	others have the right to their opinions as always, we don't have to agree, and there's little chance we ever will agree.
belief	2015	0350	0.00	the dont identify me as a real preson,..	governments exist for a reason.
belief	2015	0364	2.40	debt slavery here's what class warfare looks like!	debt slavery here's a hint.
belief	2015	0369	1.20	no need to tell them at all.	no one really wants to talk about anythiing else.
belief	2015	0379	2.00	does anyone even take this garbage seriously these days?	does anyone know if this is possible??
belief	2015	0384	1.20	just sounds like you're blaming everyone else for your own mistakes.	if we could only learn from our mistakes!
belief	2015	0400	2.40	yeah but you cannot just throw around nuclear bombs without huge geopolitical consequences.	a conventional strike on iran is going to raise massive geopolitical consequences too.
belief	2015	0402	2.20	and when poor shirley was forced to resign, fox comes out with a report, just tonight, that obama threw an "innocent" woman under the bus.	the usda and the naacp should have verified the story before they jumped the gun and threw ms sherrod under the bus.
belief	2015	0407	1.40	but the american police have basically created this whole scenario and lead him into it, feeding him along?	but the nightmare scenario is having him alive and in detention, awaiting trial.
belief	2015	0416	1.60	the vast amount was done in person or over the phone although i did put my concerns on paper a few times.	she stated that they could not take complaint over the phone but they had to be in writing or by email.
belief	2015	0418	0.00	then i found others that countered what she said.	inherited that when his father died.
belief	2015	0426	0.80	you just have to get on with life sometimes and hope for the best and it usually turns out ok...	i stopped going out with friends who i had been friends with all the way through school.
belief	2015	0433	0.60	i agree with you, its a ironic story also.	then you birds got nuttin to worry about..
belief	2015	0440	0.00	you can't arrest someone for something they haven't done...	then they are talking money out of something else.
belief	2015	0442	2.40	the protest may pressure prime minister abhisit vejjajiva to hasten plans to amend the constitution as a reconciliation panel gets ready to propose changes next month.	but one week after thai prime minister abhisit vejajjiva declared a state of emergency to put down violent protests here by red-shirted opponents, who sought his resignation, the shock waves are still rippling through a polarized, shaken nation.
belief	2015	0443	2.00	rslw: no, why would i hate them?	why do you hate america so much?
belief	2015	0448	0.00	i called back, and the lady said sorry since you didn't answer we offered the job to the next person on the list who answered the phone, that didn't make any damn sense to me.	i looked him in the eyes and said that these young me did what they had to do, they should have no regrets or feel bad and it should have been done sooner.
belief	2015	0451	0.00	and the county where detroit is located also voted for him?	and what do you know, receipts stayed about the same.
belief	2015	0465	1.20	we do have a disparity of "justice" in this nation, a severe one.	the courts will have a difficult time deciding this one.
belief	2015	0486	0.60	spring 1959 graduates from sterling high school in greenville, south carolina.	april/may/june 1963 becomes a leader of civil rights demonstrations in greensboro, north carolina.
belief	2015	0489	2.00	i remember when i left school and went to college, all my friends stayed at school sixth form.	this september i left home, and started at university.
belief	2015	0491	1.60	obama has allowed the russians not only to catch up military-wise but he is also making us dependent on them to be able to fix our satellites.	do you think the russians can be trusted to let us hitch a ride to the space station or allow us to fix our communications satellites.
belief	2015	0506	1.20	are you saying that if a government doesn't break up a monopoly (cable), it is enforcing the monopoly?	anyone thinking our government is not run by money, is a fool.
belief	2015	0508	1.30	as unions usually do, they chose keeping their benefits at the level they are, over keeping cops on the job, and the lay offs happened.	unions are for those that have no other skill other than a 5th grade educated worker has with a hammer in their hand.
belief	2015	0513	0.00	so was this upholding the law, or just armed robbery?	i can't see his death reducing the scale of the 'war on terror'..
belief	2015	0516	1.00	if the government provides health care, whether spelled out in this bill or not, it will ration the care.	and the new government often pays attention to improving the lot of its citizens, at least for a while.
belief	2015	0526	0.00	when it gets over $5 a gallon, i hafta opt out...	they didn't even have a train station...
belief	2015	0534	0.00	very humbling indeed - happens to everyone.	laws should be for everyone.
belief	2015	0537	0.00	i'm shocked he was even elected...	it worked in the snyder case.
belief	2015	0545	2.60	feeding a few people now is not going to fix any of this reality.	so feeding these people now so ten times as many suffer in the future is more kind and humane?
belief	2015	0569	0.00	the low person bit pissed me off, but the prose that followed was so good!	then i found others that countered what she said.
belief	2015	0572	0.20	and that doesn’t include all the workers who have fled the workforce under obama’s economic oppression.	and that was certainly a motivator for me to work my way up the career ladder of my profession.
belief	2015	0595	3.20	all you did is demonstrate your complete ignorance.	if i were you, i'd be embarassed to voice your ignorance in public.
belief	2015	0615	2.00	i would happily have explained what i was actually saying, but you never asked - you simply launched into accusations.	surely this is entrapment? he didn't actually do anything because they basically lead him into the situation?
belief	2015	0620	0.00	it's not the concept of subsidies per se, but the nature of the subsidies themselves.	i'll be interested to read the particulars of the study when they become available.
belief	2015	0626	0.60	that is not a "substantial drop"!	this is totally unacceptable!
belief	2015	0635	0.20	but you said your clients were loosening up and starting to hire again.	if you did, you wouldn't be posting the past yuck of unregulation of mining.
belief	2015	0641	0.80	they need to be funded and organised on a state-wide basis, these tiny school districts make no sense.	he's been selected for the 2nd year running to go to a 'workshop' day at the local secondary school which specialises in science.
belief	2015	0668	2.40	william hill have cut the odds on the prime minister leaving this year from 5/1 to 9/4.	ladbrokes have cut the odds on john prescott becoming the next prime minister from 100/1 to 25/1 following a rush of bets.
belief	2015	0670	1.40	yeh right, they're so on board with that!	you think they're bluffing about that?
belief	2015	0676	1.00	not sure what specifically you're asking for, so i'll do a total dump of information.	when i have more time (tomorrow), i will provide the sources for all of this information.
belief	2015	0678	0.00	if "crimes begin and end with the criminal who committed them", then why hold an entire religion accountable for the actions of 19 people.	i asked if they could tell me when the money would be in my account they said that was not possible.
belief	2015	0681	0.00	so they insisted on free trade with countries like china that chop up their own citizens for transplant organs.	based on the historical record, that recovery was imminent, within a couple of months or so.
belief	2015	0689	0.00	oh, i bet he can i truly hope not.	i feel you are a good man, i truly like you.
belief	2015	0693	1.67	yes, america does not do all that it can to relieve global warming, but then who does?	then, that there was nothing economically that we could do about the greenhouse gases.
belief	2015	0699	2.33	me and my 2 sisters looked through her house but couldnt find one anywhere.	after camping and coming home we searched high and low and could not find them.
belief	2015	0705	0.00	"smart" anything is a bit of a reach for him.	i think newt has been the most accurate and forthright.
belief	2015	0706	2.67	imagine if rdean knew how to build an intelligent op only six percent of posters will read that entire article.	i take it you did not hear the racist motherfuckers applauding during her story, all the while not knowing what she had to say at the end only six percent of posters will read that entire article.
belief	2015	0714	2.67	and they definitely shouldn't be forcing anyone to pay for someone else's contraception & abortions.	and there will not be any stain on that money abetting abortions.
belief	2015	0727	2.17	the "effect" people are talking about isn't simple political rhetoric designed to sway votes.	it's whether or not political rhetoric can cause people to do violence.
belief	2015	0731	2.33	adhere to stereotypes perpetrate a negative/unform view of the lgbt community.	people need to keep campaigning, keep visibilty and portray a positive image of the lgbt community.
belief	2015	0738	0.08	the people have a right to know!"	that's not the right way to go.
belief	2015	0749	1.50	that is the real purpose behind so-called "free trade."	that's the bread and butter of "entrepreneurialism"!
belief	2015	0764	1.50	don't get me wrong i dont give to receive but if this happened the other way round i would be mortified, she was just like aww thanks i must have forgot to put the money in your card, and that was that.	dont get me wrong its not that i dont appreciate what he does do, i certainly do and always make him aware of it but again he never bothers for me just expects it!
belief	2015	0765	0.67	and i think most americans are now seeing them that way too.	some politicians are now just preying on human weakness.
belief	2015	0768	0.83	and they insisted on "right to work" laws that busted up the unions.	i have my own business but work as all but dried up...to
belief	2015	0785	1.83	the distortional inclinations of the next president, george h.w.	his veto pen was the mightiest presidential kung fu in our history.
belief	2015	0790	0.91	and stop worrying about it...	i hope it works out in the end...
belief	2015	0799	1.83	there has never been a monopoly in this country that wasn't government enforced.	the nba is a classic example of a government enforced monopoly.
belief	2015	0800	1.50	i don't know if this goes for people generally, but that was how g went.	i know that bothers you socialists/progressives, but that's the way it is.
belief	2015	0827	0.83	as a christian, i pity all these hateful critics and i will pray for them."	the verses above from leviticus are in a section of the bible that lists immoral acts and the penalties for them.
belief	2015	0828	0.50	its a gruesome dictatorship - of the kind that was formerly sponsored by the soviets.	their gdp per capita is much lower and the vulnerable are ignored by the government.
belief	2015	0832	1.00	since there would be no "spouse", employees would become liable for employer portions of health insurance because there would be no waiving of the tax penalty for employer provided health insurance for a spouse.	one such benefit is a military member who has a spouse is eligible for either base housing or additional pay to help provide a place to live for that spouse.
belief	2015	0839	0.33	see, it's a tax break to companies and corporations that hire vets.	here it's not unusual to only see a doctor at 12-14 weeks.
belief	2015	0840	2.67	two coalition crew members were injured in that attack.	in south afghanistan, nato said two coalition service member were killed, one on friday and another on saturday.
belief	2015	0843	0.00	a false allegation, allie.	makes me feel all festive.
belief	2015	0855	0.00	no,the predecent was set when bill clinton pardoned henry cisneros,after he was convicted of lying to the fbi.	iirc, the sign was erected early on, but was removed as being too obvious.
belief	2015	0856	1.00	george0b1 nobody on this thread has said a good word about north vietnam.	the conventional view is that the us and ussr fought it out in the body of vietnam.
belief	2015	0857	1.33	so, it's something else, isn't it?	so, i guess that's it.
belief	2015	0859	0.00	republican senator charles percy's secretary took an interest in me.	@dlowan, "for centuries the chinese used an ancient curse: 'may you live in interesting times!'
belief	2015	0866	1.17	the conservatives are currently on 37% of the vote, labour on 28% and the lib dems on 23%.	their share of the vote has gone up just 1 point and they have lost seats.
belief	2015	0868	1.67	no way they would allow those industries to be re-regulated.	how do regulatory agencies become "deregulated?"
belief	2015	0878	0.00	they were reserved for adults.	they have been brainwashed by fox and/or rush.
belief	2015	0881	1.17	obama's approval ratings are hovering below 50%, yet he has made the list for the 4th year in a row.	look at how bad things were in 2008 and they basically voted for another 4 years of bush.
belief	2015	0882	1.00	lol youve studied the talking points well grasshopper.	why don't you start thinking beyond the talking points that make you feel good?
belief	2015	0899	1.67	they find very few papers (7 in total) predict global cooling.	what surprises is that even in the 1970s, on the back of 3 decades of cooling, more papers (42 in total) predict global warming due to co2 than cooling.
belief	2015	0904	1.17	don't hate your fellow americans.	don't be jealous and bitter.
belief	2015	0905	2.00	the only mistake the republicans made was in voting to raise the debt ceiling in exchange for anything short of repealing obamacare and passing the ryan budget that actually would have cut 4 trillion out of the budget.	(bull shit call number 2. he and the demwhits negotiated a deal to increase the debt ceiling and before the ink on it had dried, reneged on the deal and attempted to tie it to his "stimulus ii" wish list which would add another 1.6 trillion dollars to the deficit now!)
belief	2015	0913	2.00	the only problem with trusting the jury on this one is that they were given a question of law to determine.	the jury instruction given on this clearly put the question of first amendment protection in their laps.
belief	2015	0916	2.33	ok, that's a good point.	which i think is a good idea.
belief	2015	0918	0.00	however despite the layoffs murder and rape are still down 11% in flint.	yeah, for toddlers, since the youngest teenagers are already smoking and drinking.
belief	2015	0926	1.83	eventually got him about 6am and he said he was in his mates house.	eventually got him at 8.30. he stayed with " a friend" am i asking to much to be told he is not coming home?
belief	2015	0934	1.83	what happened to personal responsibility and accountability?	it's the individual citizens' responsibility to fund their own behavior.
belief	2015	0938	0.00	thankfully the silent majority are overwhelmingly in favour of this plan and the opposition are a minute fringe pressure group way out of touch with most of the population.	and the only reason they are there is because of insane student loan practices that are identical in everyway to the insane mortgage loan practices.
belief	2015	0940	1.67	in the "binary" world of the right wing, it's either all lies or all gospel truth.	this is how the people on the right here treat truth.
belief	2015	0942	0.67	but foremost he is not a career politician as his profession is actually an academic one, partly in the us where he also studied.	but no, he acts as if he got a memo from the mcqueary and forwarded it on to his superiors like he was supposed to.
belief	2015	0950	0.00	i'm open minded and i just don't take things as personally as others do.	i'm all for campaigning but i think that this was really a step too far.
belief	2015	0954	0.00	i've narrowed it down to god, gays and guns.	i didn't want to read and run hun.
belief	2015	0959	0.00	they are fighting the idea that goivernment has the right to mandate that an insuirance company must sell a service...even	their share of the vote has gone up just 1 point and they have lost seats.
belief	2015	0977	0.00	otherwise, no other information would be given.	there's kurds in syria, too, i believe.
belief	2015	0978	1.83	i don't ever try to pass anything off as being other than it is.	i don't need to create problems for myself, with customers feeling they were mislead.
belief	2015	0979	1.33	that said, i would caution against the attempted use of proof by anecdote here to prove the effectiveness and validity of the concealed carry laws.	time and again we see that there is one set of laws for the well connected, and a vastly different set for the commoners.
belief	2015	0981	2.17	that is exactly what happened: no, it isn't, unless you believe that the instant vaporization of hundreds of thousands of people can be written off because of their nationality.	but its a different matter all together to say that these people are not afforded the right to even live in the uk - the country of their nationality.
belief	2015	0991	0.00	firstly, there's no need to panic or rush.	christy is a fat sack of shit.
belief	2015	0994	4.17	<shrug> what's a person to do?	grrrr what the heck do i do?
belief	2015	0995	2.50	george on of the most important things a person can learn in life is not to make assumptions and secondly not to read to much into one's own perceptions of what happened in certain circumstances based on their personal experiences.	we are all different we came from different backgrounds and we all saw things based on different perceptions some fact based and some clouded by personal experiences.
belief	2015	0999	0.00	are you so desperate to appear clever that you have to make this sh*t up?	no one appears to have posted about this yet.
belief	2015	1028	0.50	lol that must really piss off the repubs who kept harping on how the unions destroyed the auto industry.	ok that explains one more trillion of bush's addition to the national debt.
belief	2015	1034	0.00	it's real simple: get the hell out of everybody's bedroom and start worrying about the economy.	i wanted to speak to the head on the teachers recommendation but he was really busy.
belief	2015	1041	0.00	kill off the weak, and shit won't cost so much for the rest of us.	i'm terrified, and dh doesn't talk about it much but he's nervous too.
belief	2015	1046	2.83	no "spouse" means no family relationship under social security whereby the surviving spouse can receive benefits at the working spouses rate if higher then their own.	9. no "spouse" means no established a family relationship where a spouse can then sponsor their spouse for immigration purposes.
belief	2015	1053	0.00	i hate bloated spending.	didnt want to read and run..
belief	2015	1057	0.00	it seems like every time i make any decision with money he has a friend telling him to not be a little "bitch".	but morocco is a very diverse place and things that might be true in one region might not be true in another.
belief	2015	1067	0.50	april/may/june 1963 becomes a leader of civil rights demonstrations in greensboro, north carolina.	spring 1966 becomes head of chicago chapter of sclc's operation breadbasket.
belief	2015	1074	0.83	and what's happening today is because of what happened, uh, "backward".	quit listening to him because he's such a damned negative nancy.
belief	2015	1077	3.67	have any of you used a va loan to buy a house, then received a lot of streamline refinancing letters saying you'll save a bunch by refinancing?	if you have used the va loan, and then refinanced using the streamline program, i'd be thrilled to hear about it!
belief	2015	1088	0.00	it used to just say 2:30pm as the last time it was changed and someone else's initials.	the justice system is a farce and we all know it.
belief	2015	1090	0.67	i've said what i've said, and if you have comprehension problems i cannot help you..	i have not read what she said beyond this site nor do i care what she said.
belief	2015	1091	1.33	no country is perfect, but this country is far and away better than any other on earth.	our country is supposed to be a nation of laws and not men, right?
belief	2015	1097	3.00	it is when the temperature moves up to 2c above the pre-industrial level, expected in the middle of this century - within the lifetime of many people alive today - that serious effects start to come thick and fast, studies suggest.	but when the temperature moves up to the 3c level, expected in the early part of the second half of the century, these effects will become critical.
belief	2015	1102	0.33	it may be that chirac wants to prevent religious violence before it starts.	i guess this is a last plea for help and guidance, before i do something silly.
belief	2015	1106	2.33	the only questions remaning are "when" and "how bad".	of course not but the question is fast becoming not will israel strike but when and how.
belief	2015	1107	0.50	you can jump to the moon.	you can read about the case below.
belief	2015	1115	1.33	does this concern you?	does this sound like the sensible option.
belief	2015	1119	1.83	"i support your religious freedom to coerce your unwilling members to do things they don't want to do."	as cruel as it sound, i would argue freedom of choice wins out on this fact and this alone.
belief	2015	1126	0.83	this is precsisely, is it not?,	this is not rocket science.
belief	2015	1127	1.67	agreed- no need to flog this deceased equine.	no need to tell them at all.
belief	2015	1131	2.67	this isn't just an american problem, this is the worlds problem.	to say that it's all america's fault is not correct.
belief	2015	1137	1.67	does anyone else find this to be a little much to believe?	anyone else feel like this?
belief	2015	1146	0.00	but i still oppose the gz mosque for the exact reason revere put forward.	i suppose that is one of the reasons i see this whole stem cell thing as so weird.
belief	2015	1155	1.67	with marshall - 8 weeks (but my first was a preemie and she wanted to see me earlier than normal) my current pregnancircumstances was our 1st appt.	i got a us with marshall at 9-10 weeks for dating purposes and if i would of been more certain on this pregnancy, we wouldn't of had one.
belief	2015	1162	0.67	it's a pretty far-fetched argument, just like those that argue that god or satan made me do it.	it is a pretty sad statement of the times, imo, that things have gotten so bad.
belief	2015	1171	2.83	thanks again, for proving my other point while you're struggling to argue with me and insult me.	thanks for proving my point about you being an ignorant shitstain too lazy to think and separate rumor from reality.
belief	2015	1172	1.50	you don't get someone to feel better by telling them that they feel better, you get them to feel better by helping them figure out what's wrong.	i'm sure your children are worried about you and i'm sure they'd appreciate you telling them how you're feeling, rather than them fretting because they're seeing their mum upset.
belief	2015	1173	0.00	don't people ever learn?	we don't have a college record?
belief	2015	1179	1.17	so, i guess that's it.	seriously, it's true.
belief	2015	1181	0.00	i swear you protestants think everyone in some type of leadership role is the antichrist.	i think everyone feels like you at sometime in their lives..
belief	2015	1184	2.00	and what has jesse jackson contributed to american life?	i refuse to argue jesse jackson on this or any other thread.
belief	2015	1187	0.83	also asked about getting an injunction against him they gave me the number for womans aid to get help with obtaining one.	i said fine can she give me their number and she said she would put me on hold.
belief	2015	1211	0.50	he married you, chose to have a child with you and loves you unconditionally.	they havent raised any moral issues or issues of any kind with having to provide contraception at no additional cost.
belief	2015	1213	0.33	they gave wall street all that taxpayer cash.	they are killing themselves as a politcal force.
belief	2015	1220	0.00	amd loose both of us.	and of course the poppy propaganda.
belief	2015	1226	0.60	if people need help, just assume charity and local gov'ts aren't enough and just tax everyone else to pay for it, what's the difference?	if millions have a disastrous medical issue, like cancer, or hundreds or thousands have a natural disaster issue, what's the difference?
belief	2015	1230	0.00	killing in the us is just part of day-to-day life in the us.	it gives me just as good a reason never to use ebay.
belief	2015	1234	0.00	the more it looks like zimmerman acted in self defense, the less you will hear of this case.	the majority of this nation believes in god and believes that he will turn on us.
belief	2015	1244	0.60	i say the time to tackle the iran issue is now.	i really want this sorted and not sure what else i can do.
belief	2015	1248	0.00	chances are it will move more to the middle over time.	boycott as you deem fit, but calling for the death of the ceo is over the top.
belief	2015	1249	1.40	but when they are of a moral or religious nature it's not government's business.	for them, the morality or lack of it was not the question.
belief	2015	1253	1.60	you know how i would feel supported if i was a troop overseas?	that's how i would feel supported.
belief	2015	1254	0.60	they are not made up of the usual zombietime bums, college students or acorn bussed in hacks and seiu union thugs or commie funded answer geeks.	they would retain all of their chinese, korean and other possessions and we would return their home island captures.
belief	2015	1262	1.90	they live in england and should speek english!	what does keeping england english even mean?
belief	2015	1269	0.00	she then said she could not give me their number.	if that is not a self made man i have never heard of one.
belief	2015	1283	0.60	i see, we've change the direction of debate because the other was fruitless?	i never stated that the doctrine of what supremacy was at the root of cause of slavery.
belief	2015	1284	0.80	any advice would be more than welcome.	i would suggest that a few more than "nobody" cared.
belief	2015	1296	1.20	however my cash flow is better with them then without since the rental income more than covers the mortgages on them plus...	and the only reason they are there is because of insane student loan practices that are identical in everyway to the insane mortgage loan practices.
belief	2015	1297	0.40	does this sound like the sensible option.	so what does this have to do with newt?
belief	2015	1298	0.00	people who are the technicians to maintain the robots.	rslw: because they are horrible, fascist skin head brutes.
belief	2015	1300	0.50	they offered up private solutions, good ones, ones that don't increase taxes on anyone.	neither government nor people should impose their values on anyone.
belief	2015	1303	0.60	there are far more important political and economical reasons for military intervention or political sanctions.	the true heroes will be ones that bear the burden of 40 years of political discourse.
belief	2015	1315	1.40	unless you happen to think that freedom of religion = supporting terrorists.	the tea party didn't promote ending the intereference of religion in politics.
belief	2015	1318	0.00	quartermass has not given opinion in that last post, namvet.	this was a long and ongoing struggle that lasted almost 2 years.
belief	2015	1324	1.40	the people has less taken out of their pockets but the government still got its revenue.	we want a flat, fair and wide base and most importantly, for the government to live within it's means.
belief	2015	1331	2.60	tomorrow is the state of the union and obama will be talking about the huge deficit we have.	they keep talking about the huge deficit in the obama admin.
belief	2015	1335	0.40	however, by that same rationale, it is unfair to criticize the movement itself for a few of the trouble-makers.	where it goes wrong in practice is when they create a central government to control the communes.
belief	2015	1345	0.00	we explain that to our tempos when they apply with us so they understand the importance of always being reachable..to	as the only white in the hall, i understood why the question was being asked.
belief	2015	1352	0.60	it's obvious that you love your daughter and want what's best.	no it's just that people like you can't be honest.
belief	2015	1354	3.80	for the larger issue, if you are going to take that route, then is islam an inherently evil/violent religion?	are you prepared to admit therefore that islam is a murderous religion?
belief	2015	1359	0.60	2. changing the subject do only the rich deserve the best healthcare?	dodge, change the subject, project what they have been instructed to believe etc...
belief	2015	1382	2.80	she's on line here but hasn't answered as to whether or not she follows all of leviticus, and whether or not she want's our nation's laws to follow all of leviticus.	don't you follow, and want our laws to follow all of leviticus?
belief	2015	1398	0.80	they understand that that there are many other factors to be considered (i.e.	and all to few understand, therefore nothing will be done to avoid the slide.
belief	2015	1404	0.00	if they have made peace with their pay, then there is no reason you should not be at peace with their pay as well.	the debate is whether or not a new mosque should be built at that very location.
belief	2015	1408	2.80	some who went to war didn't want to go, but felt they could not disobey.	some refused to go because they didn't want to be killed.
belief	2015	1412	0.80	and just wait till you see what they have to say about the business of global warming orthodoxy 40 years from now.	do the math, and we dont have to worry about these fuckkers fubaring the future of our kids.
belief	2015	1422	0.00	early in our friendship she confessed her marriage was in trouble...i	using your definition - there was no housing bubble.
belief	2015	1428	0.00	it would take decades for iran to develop enough arms to really threaten israel and they never will anyways.	it sounds like you are going to have a really busy weekend without going to work anyways...and
belief	2015	1451	0.80	because they're not shameful liberal media race-baiters.	because he isn't a leader, he is a perpetual campaigner and chief.
belief	2015	1458	0.60	think it's going to stay that way with less police?	is there any way that can be avoided?
belief	2015	1463	0.60	the government didn't have any thing to do with it.	either government has to honor religioius doctrine or it doesn't - pick one.
belief	2015	1466	1.40	bill clinton got a blowjob in the oval office.	that was also about a blow job, of course.
belief	2015	1481	1.60	it's whether or not political rhetoric can cause people to do violence.	the "effect" people are talking about isn't simple political rhetoric designed to sway votes.
belief	2015	1484	0.00	we seem to have lost sight of the meaning of the whole thing...is	he was the first speaker of the house in history to be fined.
belief	2015	1496	0.20	lots of luck, she will get through this phase!	also, assuming the whole thing is a sham..
belief	2015	1498	2.00	i'd love to tear apart his lies, but i don't know how good i'd be on a radio show.	thanks for thinking of me, but i don't have the desire to appear on his show.
belief	2015	1513	0.00	reality, of course, disagrees.	totally free of course.
belief	2015	1522	3.20	to suggest that blacks are not poor due to external factors leaves black disproportionate poverty to be the result of internal factors, which could only mean that blacks are inferior.	to suggest that social and economic gaps are internal to blacks is to suggest that there is a genetic propensity that makes blacks inferior.
belief	2015	1544	1.80	i agree with you about 'shouting about being different', what do you count as proclaiming difference?	i agree with you, quantum windbag, and so do most legal commentators i have read.
belief	2015	1545	2.60	the international development secretary, hilary benn, the former health secretary alan milburn, and the leader of the commons, jack straw, are all at 25/1.	the foreign secretary, margaret beckett, is at 40/1, while the defence secretary, des browne, and the welsh and northern ireland secretary, peter hain are 50/1.
belief	2015	1551	3.00	don't you follow, and want our laws to follow all of leviticus?	she's on line here but hasn't answered as to whether or not she follows all of leviticus, and whether or not she want's our nation's laws to follow all of leviticus.
belief	2015	1552	0.70	in fact, watching fox will tell you the exact opposite of what you are claiming.	try dealing with the facts instead of your wishful thinking.
belief	2015	1556	1.20	thus the need for health care insurance reform...the	is your health care rationed?
belief	2015	1560	3.40	and of course it not ever their fault, as it's now fox news, the righties, blaa blaa blaa.	now of course its everyones fault but their own.
belief	2015	1570	1.60	you can claim it's false all you want, but facts are facts.	you spew here what you claim to be facts.
belief	2015	1571	1.60	most christians do not hate gay's, they hate the sin.	but as a christian, i believe what god's word tells me.
belief	2015	1574	0.80	or like oil companies, who have a cartel.	true oil only comes from quart sized cans.
belief	2015	1577	2.00	i wrote in my journal that it felt like i had a leather mask on my head.	i wrote that it felt like someone smashed a champagne bottle on the back of my head like it was a departing ship.
belief	2015	1581	2.00	i don't actually give two figs what minimum wage does for or against the economy.	the idea of regular increments to minimum wage is a good one - for businesses to cope with them.
belief	2015	1584	1.60	the tea party didn't promote ending the intereference of religion in politics.	in this case it is the freedom of choice vs. the freedom of religion.
belief	2015	1598	2.20	the rich don't need cobra, they can buy their own individual policy at any price...so	the poor don't need cobra to continue being insured, they never were insured by their employers, they have medicaid.
belief	2015	1600	2.40	how will conservatives respond to the issues?	but conserv won't address these issues.
belief	2015	1604	0.00	ground/home deliver tues thru sat...	they didn't even have a train station...
belief	2015	1605	2.20	a recent example is how a federal court rejected a lawsuit based on "national security."	upon his release he sued the us for the above crimes and the case was dismissed for "national security reasons."
belief	2015	1606	1.00	my mum married the other man and stayed with him until he died.	my dad met a lovely woman and also remarried.
belief	2015	1624	0.00	our justice system is rotten to the core, so what are we going to do about it?	do you think she just told you not to bother because you just had a baby not to long ago?
belief	2015	1631	3.00	this has been so usual for us that i can bring her home and not change her again til 6:30 or 7 and her diaper is still peed in but not full at all.	whenever we pick her up from all but one of the teachers, her sheet says she was changed at 4:30ish and when i change her again at 6:30 or 7 her diaper is fine.
belief	2015	1634	1.60	in actual practise, the clinics tend to keep the embryos on ice because they fear law suits.	in their view, there is a difference between an embryo and a brain dead person.
belief	2015	1636	0.20	conventional weapons may not even be able to hit some of the fortified facilities either.	obviously you're totally ignorant as to the make up of the people participating in the protests.
belief	2015	1645	3.40	so if the jury was in fact instructed incorrectly, chances are they will not come to the correct conclusion.	the jury is to be instructed as to the law to be applied to the facts they determine, not the other way around.
belief	2015	1648	0.00	but our parents said "oh no, it was an accident".	it was our day, how we wanted and it was wonderful.
belief	2015	1662	0.20	yes, there are many variables that affect prices, and trying to explain it through one company is not realistic.	also, there are hints that these concerns are from scientists who only want to fund their own pet projects.
belief	2015	1666	0.00	and besides they do update their platform.	i will do so with my daughter this year...
belief	2015	1672	1.00	or does anyone know any way i could help it?	has anyone heard about this?
belief	2015	1677	0.00	the president's biological father was kenyan, and obama barely knew him.	the justice system is a farce and we all know it.
belief	2015	1692	0.00	it gives me just as good a reason never to use ebay.	just how good a basis is revenge for sentencing?
belief	2015	1694	2.20	i really dont know what to do...	i don't really know what is up but i'm super mad about it.
belief	2015	1697	0.00	the bush administration put them back in.	they didn't get it, but they asked for it.
belief	2015	1704	0.00	until two days ago, i didn't know they actually made guns for kids (and i'm not talking about toy guns).	source thomas do you have data on how the insurance industry is preparing for or speaking about gw?
belief	2015	1719	0.00	actually, it's people who build the robots since not enough are being made to create an assembly line.	of course, people who work with sick animals know that when the mean ones stop being mean, death is peeking around the corner.
belief	2015	1723	0.00	i know they are not saving and i just cant understand!	things are so big and strange.
belief	2015	1729	0.40	we should start a sequence of these threads ;-).	we should have monuments for him.
belief	2015	1748	4.60	why didn't we ever hear about it during the bush admin when during his admin the national debt was more than doubled?	but they never mentioned the doubling of the national debt under the bush admin.
belief	2015	1776	4.40	utter fucking nonsense.	that doesn't make any sense.
belief	2015	1786	0.00	best wishes, yes he had an affair.	reality is, i was there before and returned again.
belief	2015	1806	0.00	skip, that's also very true.	here's a list of articles for you to peruse.
belief	2015	1809	0.80	i dont understand where my parents money goes!	i wouldn't budget anywhere near 3-4k on it though!
belief	2015	1814	2.40	he just doesnt get it.	he still hasn't to this day.
belief	2015	1815	0.40	the federal government's own unemployment figures and the current condition of the housing and other consumer markets belie any published numbers handed out by the left, the white house or cbo.	blasted bp and the federal government for a lack of effort and coordination in their dual oil-spill response and made a plea to the government to allow the a whale to join the cleanup operation.
belief	2015	1828	0.60	in addition to this they belong to the shiite sect of islam which automatically links them to iran.	in addition to these three, roosevelt appointed 19 judges to the united states courts of appeals, and 53 judges to the united states district courts.
belief	2015	1830	2.20	there is so much wrong and you don't seem to understand what's wrong.	do you even understand what wry was conveying?
belief	2015	1837	0.60	it helps that the media hasn't given him the same anal-probing the gop field has gotten.	the problem is that this man was violent and abused me beating me and generally hurting me.
belief	2015	1843	0.60	not really, most of the lost sdp votes went to the greens.	there seems no hope in these areas.
belief	2015	1852	0.00	the nature was so amazing...	ah, so many amazing memories...
belief	2015	1856	0.00	networks without assistance.	nor will they be the last.
belief	2015	1858	0.00	it's really good, and quite innovative in places.	they controlled spain for quite awhile back then.
belief	2015	1863	1.40	anyway, i brought this up to the manager and she talked to mrs. i. this was about 1 month ago.	then i would ask the manager to request that mrs. i checks her diaper again closer to the end of the day.
belief	2015	1865	3.80	this 2011 article from the journal sentinel cites data finding that students who participate in the voucher program did not perform better than their public school peers.	so at least based on the available data, it appears that voucher programs are neither improving the performance of program participants nor improving the quality of the public school systems.
belief	2015	1880	3.40	nor have i seen any proof that those who are associated with the so-called ground zero mosque were in anyway associated with the murderers of 9/11.	i do not recall anyone suggesting that those behind the ground zero mosque were to be held accountable for 9/11.
belief	2015	1882	0.60	was it as gruelling for them as i'm imagining?	as to what happened to their missing kid.
belief	2015	1903	1.60	i went to see another male friend last night who i know has a thing for me, and he started hitting on me and i let him have sex with me, until i realised i couldn't do it and stopped and made him take me home.	but for some reason this morning when i was asking if he had fun, and what they did etc. i asked if it was an all nude or just a topless and i should not have asked that. he told me all nude and i just broke down crying.
belief	2015	1913	1.80	you've worn out your third pair of tennis shoes this week.	you've worn out the handle on your favorite mug.
belief	2015	1920	1.40	waiting in an outer hall, i stood to the side as my boss conversed with someone.	as the only white in the hall, i understood why the question was being asked.
belief	2015	1926	1.60	who in the media's been going "half-cocked" and how did they do it?	why has no one come forward to admit the truth?
belief	2015	1932	2.80	thai thaksin supporters plan largest rally since april riots june 27 (bloomberg) -- thai anti-government protesters who support former prime minister thaksin shinawatra plan to meet in bangkok today in what organizers say will be the largest rally since the army quelled riots by the group in april.	thaksin "red shirts" gather again in bangkok bangkok, april 25 (reuters) - about 3,000 supporters of exiled former prime minister thaksin shinawatra gathered in bangkok on saturday for their first rally in the capital since violent street clashes two weeks ago.
belief	2015	1933	2.00	when you open your dish cabinet, and there is only mugs.	you've worn out the handle on your favorite mug.
belief	2015	1934	1.60	why hasn't the us government done that (if the affair is fake, taht is..)	i think it's a real shame on the part of our government for treating them like this.
belief	2015	1935	0.00	the word threat or threaten was never once spoken by obama.	they found the bomb before they found the woman.
belief	2015	1940	0.20	the separation of the roles of priest and healer of the body started in recent times and in relatively small geocultural areas.	the leaders of the world need to get together and begin constructing a massive plan to stop global warming.
belief	2015	1942	3.80	rupert murdoch inherited his father's ownership of two newspapers in the u.k. (australia).	murdoch inherited two fairly successful newspapers and turned them into a global media empire.
belief	2015	1944	0.40	edgar, you may be right - at least in part.	the problem is, you are going after people just like you.
belief	2015	1950	3.00	wednesday’s decision is likely to please turkey, which has warned that the bill, if enacted, would seriously affect turkish-french ties.	the french legislation has enraged turkey, which has threatened sanctions if french president nicolas sarkozy signs the bill.
belief	2015	1952	0.60	suicide rates are sky high indicting desperation and sadness.	i can hear the desperation in your words.
belief	2015	1965	0.60	is your health care rationed?	is there any property involved?
belief	2015	1969	0.00	we are the home of tesla motors that only the "sean penns" of the world can afford.	when we were young, before my husband got an easier job, he did manual labor.
belief	2015	1971	0.60	that darn liberal media never goes after liberals!!!	that is what liberty is about, after all.
belief	2015	1973	0.80	allowing them to set up camp, much like they did in afghanistan to launch attacks accross the world?	we have shed thousands of lives in iraq and afghanistan and what have we accomplished?
belief	2015	1981	1.60	the obama administration?	the resolution was opposed by the obama administration.
