surprise.OnWN	2012test	0000	5.000	render one language in another language	restate (words) from one language into another language.
surprise.OnWN	2012test	0001	3.250	nations unified by shared interests, history or institutions	a group of nations having common interests.
surprise.OnWN	2012test	0002	3.250	convert into absorbable substances, (as if) with heat or chemical process	soften or disintegrate by means of chemical action, heat, or moisture.
surprise.OnWN	2012test	0003	4.000	devote or adapt exclusively to an skill, study, or work	devote oneself to a special area of work.
surprise.OnWN	2012test	0004	3.250	elevated wooden porch of a house	a porch that resembles the deck on a ship.
surprise.OnWN	2012test	0005	4.000	either half of an archery bow	either of the two halves of a bow from handle to tip.
surprise.OnWN	2012test	0006	3.333	a removable device that is an accessory to larger object	a supplementary part or accessory.
surprise.OnWN	2012test	0007	4.750	restrict or confine	place limits on (extent or access).
surprise.OnWN	2012test	0008	0.500	orient, be positioned	be opposite.
surprise.OnWN	2012test	0009	4.750	Bring back to life, return from the dead	cause to become alive again.
surprise.OnWN	2012test	0010	3.750	anything illusory, not concrete or real	something with no concrete substance.
surprise.OnWN	2012test	0011	4.000	a name or trait that identifies a product or type of thing	a name given to a product or service.
surprise.OnWN	2012test	0012	1.500	the processing or operation of something	a set sequence of steps, part of larger computer program.
surprise.OnWN	2012test	0013	2.500	line, cover	cover the front or surface of.
surprise.OnWN	2012test	0014	4.250	determine a standard; estimate a capacity or measurement	estimate the value of.
surprise.OnWN	2012test	0015	3.500	an interpretation, an account or reading of an event or situation	a mental representation of the meaning or significance of something.
surprise.OnWN	2012test	0016	4.250	festive social event, celebration	an occasion on which people can assemble for social interaction and entertainment.
surprise.OnWN	2012test	0017	5.000	Make fine adjustments to for optimal    operation; adjust to a certain scale.	make fine adjustments or divide into marked intervals for optimal measuring.
surprise.OnWN	2012test	0018	3.750	a short lyric or poem intended to be sung	a narrative song with a recurrent refrain.
surprise.OnWN	2012test	0019	2.750	effectively wield or manipulate a concrete entity	handle effectively.
surprise.OnWN	2012test	0020	3.500	employ or become employed in a position	appoint someone to (a position or a job).
surprise.OnWN	2012test	0021	3.500	group of people defined by a specific profession	organization of performers and associated personnel (especially theatrical).
surprise.OnWN	2012test	0022	3.500	storage cabinet furniture	office furniture consisting of a container for keeping papers in order.
surprise.OnWN	2012test	0023	4.250	Signal (approval or interest) by winking; briefly shut one eye.	signal by winking.
surprise.OnWN	2012test	0024	2.750	capital stock in a corporation	any of the equal portions into which the capital stock of a corporation is divided and ownership of which is evidenced by a stock certificate.
surprise.OnWN	2012test	0025	2.250	prove or corroborate	establish or strengthen as with new evidence or facts.
surprise.OnWN	2012test	0026	3.750	(the content of) a communication.	a communication (usually brief) that is written or spoken or signaled.
surprise.OnWN	2012test	0027	3.000	a partial denture	a denture anchored to teeth on either side of missing teeth.
surprise.OnWN	2012test	0028	2.750	move to a lower position, terminate something	terminate an association with.
surprise.OnWN	2012test	0029	2.500	flow, as of liquids	reduce or cause to be reduced from a solid to a liquid state, usually by heating.
surprise.OnWN	2012test	0030	2.250	seal, insulate or protect	treat the body or any part of it by wrapping it, as with blankets or sheets, and applying compresses to it, or stuffing it to provide cover, containment, or therapy, or to absorb blood.
surprise.OnWN	2012test	0031	2.500	scar physically; create a mark on someone or something	make underscoring marks.
surprise.OnWN	2012test	0032	3.500	Surround completely; close in, as if with a    covering or border.	surround completely.
surprise.OnWN	2012test	0033	1.250	the act or event of ending a process, state, situation	the end of a word (a suffix or inflectional ending or final morpheme).
surprise.OnWN	2012test	0034	0.000	the price of a good or service	an assertion that someone is guilty of a fault or offence.
surprise.OnWN	2012test	0035	2.000	depict or portray in art, words, or model	create an image or likeness of.
surprise.OnWN	2012test	0036	0.750	travel in or be shaped like a zigzag	bend into the shape of a crank.
surprise.OnWN	2012test	0037	4.250	Annoy, harass, or mock, perhaps playfully.	mock or make fun of playfully.
surprise.OnWN	2012test	0038	0.000	(Cause to) smell bad.	be extremely bad in quality or in one's performance.
surprise.OnWN	2012test	0039	4.000	social ranking or position	the relative position or standing of things or especially persons in a society.
surprise.OnWN	2012test	0040	3.250	ponder, consider, observe carefully	consider in detail and subject to an analysis in order to discover essential features or meaning.
surprise.OnWN	2012test	0041	4.333	persuade or achieve acceptance	persuade somebody to accept something.
surprise.OnWN	2012test	0042	5.000	physical matter left behind after a removal process	matter that remains after something has been removed.
surprise.OnWN	2012test	0043	3.500	any tall, vertical shape	anything that approximates the shape of a column or tower.
surprise.OnWN	2012test	0044	4.750	physically inflate	become inflated.
surprise.OnWN	2012test	0045	3.000	heavy radioactive metallic element, atomic number 92	a heavy toxic silvery-white radioactive metallic element; occurs in many isotopes; used for nuclear fuels and nuclear weapons.
surprise.OnWN	2012test	0046	3.000	Complain about something or say mean things    to someone.	say mean things.
surprise.OnWN	2012test	0047	3.750	care about, be bothered by, be concerned by	be offended or bothered by; take offense with, be bothered by.
surprise.OnWN	2012test	0048	2.750	the tallied points of a game, at a given time	a number that expresses the accomplishment of a team or an individual in a game or contest.
surprise.OnWN	2012test	0049	2.250	edit so as to block the truth; prevent distribution	subject to political, religious, or moral censorship.
surprise.OnWN	2012test	0050	2.500	a casual, brief meeting with someone	a casual or unexpected convergence.
surprise.OnWN	2012test	0051	4.250	an electrical connection between conductor and earth	a connection between an electrical device and a large conducting body, such as the earth (which is taken to be at zero voltage).
surprise.OnWN	2012test	0052	4.000	an agent's act of terminating an activity or event	the act of ending something.
surprise.OnWN	2012test	0053	4.500	notable or famous persons (real or fictional)	a well-known or notable person.
surprise.OnWN	2012test	0054	3.750	a person who manipulate or controls a device or machine	an agent that operates some apparatus or machine.
surprise.OnWN	2012test	0055	3.250	find, determine the place of	determine or indicate the place, site, or limits of, as if by an instrument or by a survey.
surprise.OnWN	2012test	0056	4.250	to engage in plotting or activities of an illegal or deceitful nature	act in unison or agreement and in secret towards a deceitful or illegal purpose.
surprise.OnWN	2012test	0057	3.750	be equivalent, have the same effect as something	be tantamount or equivalent to.
surprise.OnWN	2012test	0058	1.000	(cause to) survive	cause to move by pulling.
surprise.OnWN	2012test	0059	1.000	the money	a voluntary gift (as of money or service or ideas) made to some worthwhile cause.
surprise.OnWN	2012test	0060	3.750	a sudden emotional vocalization	a loud utterance of emotion (especially when inarticulate).
surprise.OnWN	2012test	0061	4.000	go back, restore, revive	go back to a previous state.
surprise.OnWN	2012test	0062	2.750	settlement of people distant from their homeland	a body of people who settle far from home but maintain ties with their homeland; inhabitants remain nationals of their home state but are not literally under the home state's system of government.
surprise.OnWN	2012test	0063	3.750	(The discovery or exhibition of) factual evidence that establishes the truth of something.	a formal series of statements showing that if one thing is true something else necessarily follows from it.
surprise.OnWN	2012test	0064	1.500	enter a realm, become involved with	cause to move; cause to be in a certain position or condition.
surprise.OnWN	2012test	0065	3.250	a project or undertaking	earnest and conscientious activity intended to do or accomplish something.
surprise.OnWN	2012test	0066	4.000	a standardized system of measurements for heaviness	a system of units used to express the weight of something.
surprise.OnWN	2012test	0067	4.500	a concern or affair	some situation or event that is thought about.
surprise.OnWN	2012test	0068	2.000	have a strong sexual attraction to	feel or have a desire for; want strongly.
surprise.OnWN	2012test	0069	1.500	a surrogate expression, utterance for a taboo word	a blank character used to separate successive words in writing or printing.
surprise.OnWN	2012test	0070	4.000	facility for secure storage of things, often money	a facility where things can be deposited for storage or safekeeping.
surprise.OnWN	2012test	0071	3.750	emit or cause to emit noise	make a certain noise or sound.
surprise.OnWN	2012test	0072	2.333	make physical contact with, possibly with the effect of physically manipulating.	cause to be in brief contact with.
surprise.OnWN	2012test	0073	2.500	find out or be informed of a new information, understand or realize	get to know or become aware of, usually accidentally.
surprise.OnWN	2012test	0074	4.500	head of a country	the chief executive of a republic.
surprise.OnWN	2012test	0075	3.000	Touch with the lips.	touch with the lips or press the lips (against someone's mouth or other body part) as an expression of love, greeting, etc..
surprise.OnWN	2012test	0076	2.750	a natural physical force of drawing towards something	the force used in pulling.
surprise.OnWN	2012test	0077	3.000	a change which is a decrease	a gradual decrease; as of stored charge or current.
surprise.OnWN	2012test	0078	3.000	an evaluation, an estimation of worth, a grade	a number or letter indicating quality (especially of a student's performance).
surprise.OnWN	2012test	0079	1.750	having responsibility for managing or supervising	an impetuous rush toward someone or something.
surprise.OnWN	2012test	0080	4.000	fail or suffer failure	suffer failure, as in some enterprise.
surprise.OnWN	2012test	0081	4.000	an abundance of something	the property of copious abundance.
surprise.OnWN	2012test	0082	3.750	An authoritative text or the corresponding citation.	a short note recognizing a source of information or of a quoted passage.
surprise.OnWN	2012test	0083	0.500	An instance of visual perception.	(often followed by `of') a large number or amount or extent.
surprise.OnWN	2012test	0084	2.500	fluctuate, move back and forth	sway to and fro.
surprise.OnWN	2012test	0085	1.500	the alleviation of distress	a change for the better.
surprise.OnWN	2012test	0086	2.800	A ceremony marking admission into a religious community.	a sacrament admitting a baptized person to full participation in the church.
surprise.OnWN	2012test	0087	3.400	a social gesture of deferential greeting	a courteous expression (by word or deed) of esteem or regard.
surprise.OnWN	2012test	0088	0.000	move to a new location, state, or situation	cause (a computer) to execute a single command.
surprise.OnWN	2012test	0089	1.600	Change one for another	give to, and receive from, one another.
surprise.OnWN	2012test	0090	4.000	a full stop, as a punctuation mark	a punctuation mark (.) placed at the end of a declarative sentence to indicate a full stop or after abbreviations.
surprise.OnWN	2012test	0091	3.250	something that is craved	something craved, especially an intravenous injection of a narcotic drug.
surprise.OnWN	2012test	0092	3.500	to grow rapidly	increase rapidly and in an uncontrolled manner.
surprise.OnWN	2012test	0093	3.500	Speak in a high-pitched tone of voice, as          either an animal or human might.	make high-pitched sounds.
surprise.OnWN	2012test	0094	2.500	domesticated animals kept for use or profit	a special variety of domesticated animals within a species.
surprise.OnWN	2012test	0095	2.250	a discipline, a branch of knowledge	the discipline that records and interprets past events involving human beings.
surprise.OnWN	2012test	0096	3.333	a person who is aggressively pursued, chased	a person who is the aim of an attack (especially a victim of ridicule or exploitation) by some hostile person or influence.
surprise.OnWN	2012test	0097	2.250	personnel casualty	military personnel lost by death or capture.
surprise.OnWN	2012test	0098	3.250	escape or avoid a situation or responsibility	use cunning or deceit to escape or avoid.
surprise.OnWN	2012test	0099	4.000	a relative loss in price, value	a loss entailed by giving up or selling something at less than its value.
surprise.OnWN	2012test	0100	3.750	a measurable or quantitative decrease	a sudden sharp decrease in some quantity.
surprise.OnWN	2012test	0101	3.500	Change the key, pitch, tone, or volume of,    likely for aesthetic reasons.	change the key of, in music.
surprise.OnWN	2012test	0102	5.000	a written message of nonacceptance	a message refusing to accept something that is offered.
surprise.OnWN	2012test	0103	0.500	(cause to) stop speaking or bring about silence	move so that an opening or passage is obstructed; make shut.
surprise.OnWN	2012test	0104	3.500	injure, scratch the surface	cut the surface of; wear away the surface of.
surprise.OnWN	2012test	0105	2.000	A plant structure near the top of the plant.	a fruiting structure resembling an umbrella or a cone that forms the top of a stalked fleshy fungus such as a mushroom.
surprise.OnWN	2012test	0106	2.500	a written list of particular things being offered	a list of particulars (as a playbill or bill of fare).
surprise.OnWN	2012test	0107	3.500	a notational mark used in writing, diacritic	a diacritical mark used to indicate stress or placed above a vowel to indicate a special pronunciation.
surprise.OnWN	2012test	0108	3.250	the state of believing in, or having confidence in, something or someone	the trait of believing in the honesty and reliability of others.
surprise.OnWN	2012test	0109	4.500	an attempt or effort to achieve a goal	an attempt to get something.
surprise.OnWN	2012test	0110	2.750	increase in amount, extent, or intensity	go up or advance.
surprise.OnWN	2012test	0111	3.250	clean, wash thoroughly	clean with hard rubbing.
surprise.OnWN	2012test	0112	2.000	compress out of shape or into small pieces	become injured, broken, or distorted by pressure.
surprise.OnWN	2012test	0113	4.000	point or direct object, weapon, or blow at something or someone	point or cause to go (blows, weapons, or objects such as photographic equipment) towards.
surprise.OnWN	2012test	0114	0.750	employ or utilize, put into service	give or convey physically.
surprise.OnWN	2012test	0115	2.500	Spin, wind, braid, or twist together,    perhaps as when performing lacework.	do lacework.
surprise.OnWN	2012test	0116	4.250	a decorative container, often for holding flowers	an open jar of glass or porcelain used as an ornament or to hold flowers.
surprise.OnWN	2012test	0117	2.000	preserve, keep in safety, use frugally	preserve with sugar.
surprise.OnWN	2012test	0118	2.250	an open motorboat used for transport	a motorboat with an open deck or a half deck.
surprise.OnWN	2012test	0119	2.750	a process of development, increase or advancement	a process of becoming larger or longer or more numerous or more important.
surprise.OnWN	2012test	0120	3.500	Make sure of.	be careful or certain to do something; make certain of something.
surprise.OnWN	2012test	0121	2.250	supply or furnish with something needed or wanted	give something useful or necessary to.
surprise.OnWN	2012test	0122	4.000	a sharp bladed instrument for shaving off hair	edge tool used in shaving.
surprise.OnWN	2012test	0123	2.000	learn, assimilate a body of knowledge	learn by reading books.
surprise.OnWN	2012test	0124	0.750	support; hold up; nurture or provide for	lengthen or extend in duration or space.
surprise.OnWN	2012test	0125	4.000	keep away, prevent from happening, or not do something	refrain from doing something.
surprise.OnWN	2012test	0126	3.500	Something that provides advice.	something that provides direction or advice as to a decision or course of action.
surprise.OnWN	2012test	0127	2.000	The act of copying the actions of someone else.	a representation of a person that is exaggerated for comic effect.
surprise.OnWN	2012test	0128	2.500	a physical entity	a separate and self-contained entity.
surprise.OnWN	2012test	0129	2.500	lessen in force, impact, or effect	make less severe or harsh.
surprise.OnWN	2012test	0130	4.000	a judgement or opinion about something	a judgment of the qualities of something or somebody.
surprise.OnWN	2012test	0131	2.750	flog or whip	beat severely with a whip or rod.
surprise.OnWN	2012test	0132	2.250	act, form, or progress according to a plan or ideal	shape or influence; give direction to.
surprise.OnWN	2012test	0133	3.500	Germinate, as in a plant.	produce buds, branches, or germinate.
surprise.OnWN	2012test	0134	1.000	social sphere, scope of activity or interest	a particular environment or walk of life.
surprise.OnWN	2012test	0135	4.500	a static vertical layout, e.g. text or numbers	a vertical array of numbers or other information.
surprise.OnWN	2012test	0136	2.500	recognize, be familar or well-versed with	be cognizant or aware of a fact or a specific piece of information; possess knowledge or information about.
surprise.OnWN	2012test	0137	2.500	a portrayal of someone or something, through words or behavior	any likeness of a person, in any medium.
surprise.OnWN	2012test	0138	2.750	a device to control the rate of some activity, e.g., chemical or mechanical	any of various controls or devices for regulating or controlling fluid flow, pressure, temperature, etc..
surprise.OnWN	2012test	0139	3.750	Form an aesthetic or conceptual whole.	cause to form a united, orderly, and aesthetically consistent whole.
surprise.OnWN	2012test	0140	4.000	human legs, informal usage	informal terms for the leg.
surprise.OnWN	2012test	0141	3.750	goal or objective	the goal intended to be attained (and which is believed to be attainable).
surprise.OnWN	2012test	0142	1.750	protect from heat, cold, or other detrimental conditions	place or set apart.
surprise.OnWN	2012test	0143	0.750	an allotment or percentage of something	assets belonging to or due to or contributed by an individual person or group.
surprise.OnWN	2012test	0144	2.750	something that attains victory	an event that accomplishes its intended purpose.
surprise.OnWN	2012test	0145	4.500	line up or make parallel; bring into proper adjustment	place in a line or arrange so as to be parallel or straight.
surprise.OnWN	2012test	0146	3.750	a home furnishing that is a fabric cover	bedclothes consisting of a lightweight cloth covering (an afghan or bedspread) that is casually thrown over something.
surprise.OnWN	2012test	0147	3.500	meshed frame over windows and doors	a protective covering consisting of netting; can be mounted in a frame.
surprise.OnWN	2012test	0148	3.750	a measure of the likelihood or probability of an event	a measure of how likely it is that some event will occur; a number expressing the ratio of favorable cases to the whole number of cases possible.
surprise.OnWN	2012test	0149	4.000	Anyone who judges or finds fault with something.	someone who frequently finds fault or makes harsh and unfair judgments.
surprise.OnWN	2012test	0150	2.200	the rescue or release of someone, something	recovery or preservation from loss or danger.
surprise.OnWN	2012test	0151	3.200	observe, perceive	observe with care or pay close attention to.
surprise.OnWN	2012test	0152	2.800	limit, keep under control, deter, forbid	to compel or deter by or as if by threats.
surprise.OnWN	2012test	0153	2.800	stick out, jut out, protrude	extend out or project in space.
surprise.OnWN	2012test	0154	4.500	to act as the host of	be the host of or for.
surprise.OnWN	2012test	0155	2.000	put an end to, make invalid a process that's already begun	make invalid for use.
surprise.OnWN	2012test	0156	1.000	enjoy, be fond of or approve	feel about or towards; consider, evaluate, or regard.
surprise.OnWN	2012test	0157	2.750	per centum	a proportion in relation to a whole (which is usually the amount per hundred).
surprise.OnWN	2012test	0158	3.750	an approximate attribute or quality of something	an approximate definition or example.
surprise.OnWN	2012test	0159	4.250	The act of having and controlling property.	the state or fact of being an owner.
surprise.OnWN	2012test	0160	2.250	a physical protuberance, large or small	a natural elevation (especially a rocky one that juts out into the sea).
surprise.OnWN	2012test	0161	3.500	estimate or calculate the numerical value of something	evaluate or estimate the nature, quality, ability, extent, or significance of.
surprise.OnWN	2012test	0162	0.500	a portion or percentage of a whole	the part played by a person in bringing about a result.
surprise.OnWN	2012test	0163	3.250	lightest most abundant element, atomic number 1	a nonmetallic univalent element that is normally a colorless and odorless highly flammable diatomic gas; the simplest and lightest and most abundant element in the universe.
surprise.OnWN	2012test	0164	0.000	a unit cost of something	a single chance or instance.
surprise.OnWN	2012test	0165	2.000	move back and forth	move or sway in a rising and falling or wavelike pattern.
surprise.OnWN	2012test	0166	2.250	a cyclical span of time defined by a calendar system	a period of time containing 365 (or 366) days.
surprise.OnWN	2012test	0167	2.250	face an event and survive; endure	face and withstand with courage.
surprise.OnWN	2012test	0168	4.000	(medicine) the capacity of an organism to defend against disease.	(medicine) the condition in which an organism can resist disease.
surprise.OnWN	2012test	0169	3.000	a statement, an idea expressed in language	a brief statement.
surprise.OnWN	2012test	0170	3.500	perform a duty	do duty or hold offices; serve in a specific function.
surprise.OnWN	2012test	0171	3.250	soldier who is a member of a special forces group	a member of a military unit trained as shock troops for hit-and-run raids.
surprise.OnWN	2012test	0172	4.000	become master of, overcome, dominate	get on top of; deal with successfully.
surprise.OnWN	2012test	0173	0.500	area of damaged, cut tissue on a living body	a casualty to military personnel resulting from combat.
surprise.OnWN	2012test	0174	1.750	revolve	change directions as if revolving on a pivot.
surprise.OnWN	2012test	0175	4.000	twice the quantity or amount of something	a quantity that is twice as great as another.
surprise.OnWN	2012test	0176	3.250	Give an incentive for action, provoke or    stir up, urge on, or cause to act.	provoke or stir up.
surprise.OnWN	2012test	0177	3.000	Funeral direction	the trade of a funeral director.
surprise.OnWN	2012test	0178	4.250	to ignite or catch on fire	catch fire.
surprise.OnWN	2012test	0179	2.750	a large approximate quantity of some attribute or thing	a concentrated example of something.
surprise.OnWN	2012test	0180	3.000	Medicines	a substance that is used as a medicine or narcotic.
surprise.OnWN	2012test	0181	3.750	a method for solving a problem	the successful action of solving a problem.
surprise.OnWN	2012test	0182	2.000	reach an objective, attain a benchmark or goal	develop in a positive way.
surprise.OnWN	2012test	0183	1.600	take something or someone away from somewhere	go away or leave.
surprise.OnWN	2012test	0184	1.000	a stiffener in a garment	(nautical) brace consisting of a heavy rope or wire cable used as a support for a mast or spar.
surprise.OnWN	2012test	0185	3.800	a constructed underground passageway	a passageway through or under something, usually underground (especially one for trains or cars).
surprise.OnWN	2012test	0186	2.250	discern, identify, or know because of a previous experience	be fully aware or cognizant of.
surprise.OnWN	2012test	0187	3.000	move or change one's own position or quality	move very slightly.
surprise.OnWN	2012test	0188	1.750	incorporate or enclose one thing in another	incorporate a food ingredient into a mixture by repeatedly turning it over without stirring or beating.
surprise.OnWN	2012test	0189	1.750	guide, draw through	pass over, across, or through.
surprise.OnWN	2012test	0190	3.400	rescue, redeem, deliver from harm or danger	refrain from harming.
surprise.OnWN	2012test	0191	4.000	beat (as if) with a whip or rod	strike as if by whipping.
surprise.OnWN	2012test	0192	4.400	the medical procedure of manually turning the uterus	manual turning of a fetus in the uterus (usually to aid delivery).
surprise.OnWN	2012test	0193	2.600	create an edge or border	enclose in or as if in a frame.
surprise.OnWN	2012test	0194	2.250	restart or continue an activity after an interruption or pause	take up or begin anew.
surprise.OnWN	2012test	0195	2.750	capture, ensnare, discover in the act	discover or come upon accidentally, suddenly, or unexpectedly; catch somebody doing something or in a certain state.
surprise.OnWN	2012test	0196	3.250	initiation, founding, introduction of something	the act of starting something for the first time; introducing something new.
surprise.OnWN	2012test	0197	2.750	a creased or bent form	an angular or rounded shape made by folding.
surprise.OnWN	2012test	0198	4.500	train, tutor or polish social behavior, taste, judgement	teach or refine to be discriminative in taste or judgment.
surprise.OnWN	2012test	0199	3.250	a mental activity of construing or interpreting	an interpretation of a text or action.
surprise.OnWN	2012test	0200	4.250	emphasize; draw attention to; underline	draw a line or lines underneath to call attention to.
surprise.OnWN	2012test	0201	2.000	possibility for the future	a prediction of the course of a disease.
surprise.OnWN	2012test	0202	3.250	require or need something that is missing	have need of.
surprise.OnWN	2012test	0203	2.750	an indication or manifestation of something, often physical	an indication of damage.
surprise.OnWN	2012test	0204	3.750	a sudden, brief burst of light	a momentary brightness.
surprise.OnWN	2012test	0205	2.250	come or bring back to life, health, existence or use	cause to regain consciousness.
surprise.OnWN	2012test	0206	3.250	A mental state of sadness.	a mental state characterized by a pessimistic sense of inadequacy and a despondent lack of activity.
surprise.OnWN	2012test	0207	3.750	position or location change	the act of changing the location of something.
surprise.OnWN	2012test	0208	3.750	(cause to) move through a space, circuit or system, usu. returning to the starting point	move in circles.
surprise.OnWN	2012test	0209	3.750	bring in to consonance	bring (several things) into consonance or relate harmoniously.
surprise.OnWN	2012test	0210	1.500	submit, send to	cause to move; cause to be in a certain position or condition.
surprise.OnWN	2012test	0211	3.750	state of being unified	the state of being joined or united or linked.
surprise.OnWN	2012test	0212	3.000	(Cause to) become different or aquire a          different character, possibly during development.	become distinct and acquire a different character.
surprise.OnWN	2012test	0213	3.500	an objective or goal	the goal intended to be attained (and which is believed to be attainable).
surprise.OnWN	2012test	0214	3.500	seize and take captive; take or gain possession of something	take possession of by force, as after an invasion.
surprise.OnWN	2012test	0215	3.250	give, dedicate, pledge	give entirely to a specific person, activity, or cause.
surprise.OnWN	2012test	0216	4.000	decide a specific time for an event	make a schedule; plan the time and place for events.
surprise.OnWN	2012test	0217	4.750	value a thing or course of action more highly than another	like better; value more highly.
surprise.OnWN	2012test	0218	3.750	give something for a cause	give to a charity or good cause.
surprise.OnWN	2012test	0219	3.750	furnish with a guideline	furnish with rubrics or regulate by rubrics.
surprise.OnWN	2012test	0220	2.500	a social entreaty, as courtship or pleading	a petition or appeal made to a person of superior status or rank.
surprise.OnWN	2012test	0221	2.250	fail in strength or health and cease to funtion	break down, literally or metaphorically.
surprise.OnWN	2012test	0222	3.667	reply verbally or in written form to a question, comment, letter, or speech	react verbally.
surprise.OnWN	2012test	0223	3.750	a slight cut in a physical surface	a slight surface cut (especially a notch that is made to keep a tally).
surprise.OnWN	2012test	0224	3.250	cause something to be the case	cause to move; cause to be in a certain position or condition.
surprise.OnWN	2012test	0225	4.000	a state of confinement in a small space	the act of forcing yourself (or being forced) into or through a restricted space.
surprise.OnWN	2012test	0226	4.000	state or explain the meaning	give a definition for the meaning of a word.
surprise.OnWN	2012test	0227	1.250	cause animals to move	pursue for food or sport (as of wild animals).
surprise.OnWN	2012test	0228	4.500	be against, resist	act against or in opposition to.
surprise.OnWN	2012test	0229	4.250	a quantity of money added to a bank account	money deposited in a bank or some similar institution.
surprise.OnWN	2012test	0230	3.250	cause to come into existence; create	bring into being.
surprise.OnWN	2012test	0231	2.500	Performance, routine	a short theatrical performance that is part of a longer program.
surprise.OnWN	2012test	0232	4.250	people assembled together in a rhythmic movement	a party of people assembled for dancing.
surprise.OnWN	2012test	0233	3.000	a computer server	(computer science) a computer that provides client stations with access to files and printers as shared resources to a computer network.
surprise.OnWN	2012test	0234	2.250	forbid, prohibit	forbid the public distribution of ( a movie or a newspaper).
surprise.OnWN	2012test	0235	3.000	computer text files	(computer science) a computer file that contains text (and possibly formatting instructions) using seven-bit ASCII characters.
surprise.OnWN	2012test	0236	2.250	a speech act of acknowledging gratitude for something	an acknowledgment of appreciation.
surprise.OnWN	2012test	0237	3.333	a state of pretending to be someone, something else	an outward semblance that misrepresents the true nature of something.
surprise.OnWN	2012test	0238	2.750	Become widespread as an idea or feeling.	cause to become widely known.
surprise.OnWN	2012test	0239	0.000	connect with; reach a target or goal	perceive with the senses quickly, suddenly, or momentarily.
surprise.OnWN	2012test	0240	4.750	income collected as tax by a government	government income due to taxation.
surprise.OnWN	2012test	0241	2.000	be the deciding factor in a state of affairs or an outcome	shape or influence; give direction to.
surprise.OnWN	2012test	0242	3.000	end	put an end to.
surprise.OnWN	2012test	0243	4.500	a region allocated to hold something	the particular portion of space occupied by something.
surprise.OnWN	2012test	0244	0.750	acknowledge a contribution or cause	have trust in; trust in the truth or veracity of.
surprise.OnWN	2012test	0245	2.000	arrangement	logical or comprehensible arrangement of separate elements.
surprise.OnWN	2012test	0246	3.750	system of arrangement	an arrangement scheme.
surprise.OnWN	2012test	0247	3.750	close within bounds; deprive of freedom	to close within bounds, limit or hold back from movement.
surprise.OnWN	2012test	0248	4.750	to collect, acquire or gather	get or gather together.
surprise.OnWN	2012test	0249	0.500	deliver a formal talk or reprimand at length	censure severely or angrily.
surprise.OnWN	2012test	0250	5.000	a pair of mated people, e.g., married	a pair of people who live together.
surprise.OnWN	2012test	0251	4.750	rot; become unfit for consumption	become unfit for consumption or use.
surprise.OnWN	2012test	0252	3.250	lock with one another	become engaged or intermeshed with one another.
surprise.OnWN	2012test	0253	4.500	take vows, join or allow to join a religious order	take vows, as in religious order.
surprise.OnWN	2012test	0254	4.750	activity of selling	the general activity of selling.
surprise.OnWN	2012test	0255	4.500	give out, allow to have	allow to have.
surprise.OnWN	2012test	0256	4.750	secondary public school, grades 9-12	a public secondary school usually including grades 9 through 12.
surprise.OnWN	2012test	0257	3.000	Benjamin Rush, physician and American Revolutionary leader.	physician and American Revolutionary leader; signer of the Declaration of Independence (1745-1813).
surprise.OnWN	2012test	0258	2.500	luggage compartment of a car	British term for the luggage compartment in a car.
surprise.OnWN	2012test	0259	4.500	have a monopoly of; control fully	have or exploit a monopoly of.
surprise.OnWN	2012test	0260	3.750	reduce to a simpler molecular compound	reduce (petroleum) to a simpler compound by cracking.
surprise.OnWN	2012test	0261	2.500	cause to be interested	attract; cause to be enamored.
surprise.OnWN	2012test	0262	3.500	To remain emotionally or intellectually          attached without necessary physical contact.	to remain emotionally or intellectually attached.
surprise.OnWN	2012test	0263	4.750	The act of transporting goods commerically at rates cheaper than express rates.	transporting goods commercially at rates cheaper than express rates.
surprise.OnWN	2012test	0264	4.500	(An occurance of) the preservation or management of natural resources.	the preservation and careful management of the environment and of natural resources.
surprise.OnWN	2012test	0265	4.000	remove the pod, husk or shell	fall out of the pod or husk.
surprise.OnWN	2012test	0266	4.000	abstain from eating or from certain foods	abstain from eating.
surprise.OnWN	2012test	0267	4.000	feel hot or painful, as if burning	feel hot or painful.
surprise.OnWN	2012test	0268	4.750	(cause to) return after being refused	come back after being refused.
surprise.OnWN	2012test	0269	4.250	a loss of function	loss of ability to function normally.
surprise.OnWN	2012test	0270	3.500	administrator, one who controls resources	someone who controls resources and expenditures.
surprise.OnWN	2012test	0271	3.750	a stovetop, cooking appliance	a kitchen appliance used for cooking food.
surprise.OnWN	2012test	0272	4.500	rinse one's mouth with mouthwash, gargle	rinse one's mouth and throat with mouthwash.
surprise.OnWN	2012test	0273	4.000	a quantity that is an approximate calculation	an approximate calculation of quantity or degree or worth.
surprise.OnWN	2012test	0274	4.000	turn on an axis; spin	turn on or around an axis or a center.
surprise.OnWN	2012test	0275	5.000	marriage offer	an offer of marriage.
surprise.OnWN	2012test	0276	3.500	Try to gain favor by flattering or showing    submission or fear.	show submission or fear.
surprise.OnWN	2012test	0277	4.250	the public submission of a legal record	the entering of a legal document into the public record.
surprise.OnWN	2012test	0278	4.000	Shrivel, wither, or mature imperfectly, as of a flower.	shrivel or wither or mature imperfectly.
surprise.OnWN	2012test	0279	4.250	have faith in, bet on	have faith or confidence in.
surprise.OnWN	2012test	0280	4.250	burst into flames (telic)	start to burn or burst into flames.
surprise.OnWN	2012test	0281	4.500	The cognitive processes and capacity to remember.	the cognitive processes whereby past experience is remembered.
surprise.OnWN	2012test	0282	4.000	mechanism that controls the water level in a section of canal	enclosure consisting of a section of canal that can be closed to control the water level; used to raise or lower vessels that pass through it.
surprise.OnWN	2012test	0283	5.000	an onerous worry or concern	an onerous or difficult concern.
surprise.OnWN	2012test	0284	5.000	someone or something that is the agent of fulfilling desired expectations	someone (or something) on which expectations are centered.
surprise.OnWN	2012test	0285	3.333	a sharp side of an object	a sharp side formed by the intersection of two surfaces of an object.
surprise.OnWN	2012test	0286	2.750	the forceful hit of a ball	hitting a golf ball off of a tee with a driver.
surprise.OnWN	2012test	0287	3.500	Fine powdery material; the remains of something destroyed or broken up.	the remains of something that has been destroyed or broken up.
surprise.OnWN	2012test	0288	2.000	throw with force	utter with force; utter vehemently.
surprise.OnWN	2012test	0289	4.000	Treat a substance with some agent; add an    agent to.	treat with an agent; add (an agent) to.
surprise.OnWN	2012test	0290	3.500	pass through the esophagus	pass through the esophagus as part of eating or drinking.
surprise.OnWN	2012test	0291	4.750	move freely (usually within a bounded space)	cause to move or operate freely within a bounded space.
surprise.OnWN	2012test	0292	3.500	secrete or form water	secrete or form water, as tears or saliva.
surprise.OnWN	2012test	0293	4.000	the state of being in contact	the state of being connected.
surprise.OnWN	2012test	0294	3.500	a variant of a musical theme which employs notes of reduced duration from the original theme	the statement of a theme in notes of lesser duration (usually half the length of the original).
surprise.OnWN	2012test	0295	3.750	time to come	the time yet to come.
surprise.OnWN	2012test	0296	4.750	the legal state of owing money	the state of owing something (especially money).
surprise.OnWN	2012test	0297	4.500	a style and size of typeset	a specific size and style of type within a type family.
surprise.OnWN	2012test	0298	4.000	demand, ask for, or take as one's due	demand as being one's due or property; assert one's right or title to.
surprise.OnWN	2012test	0299	3.500	Cause to be distrusted or rejected; damage the reputation of.	damage the reputation of.
surprise.OnWN	2012test	0300	3.000	Give equal rights to, as of the right to vote.	give equal rights to; of women and minorities.
surprise.OnWN	2012test	0301	3.000	(cause to) lengthen or expand in time or some abstract realm	lengthen in time; cause to be or last longer.
surprise.OnWN	2012test	0302	4.750	a knapsack, bundle on the back	a bundle (especially one carried on the back).
surprise.OnWN	2012test	0303	4.250	a person who delivers information or goods	a person who conveys (carries or transmits).
surprise.OnWN	2012test	0304	4.250	having an intuitive understanding or appreciation of something	an intuitive understanding of something.
surprise.OnWN	2012test	0305	5.000	adherence to moral principles	adhering to moral principles.
surprise.OnWN	2012test	0306	5.000	 have sex with	have sexual intercourse with.
surprise.OnWN	2012test	0307	4.750	partake or provide a banquet	partake in a feast or banquet.
surprise.OnWN	2012test	0308	4.750	idolize/show devotion to	show devotion to (a deity).
surprise.OnWN	2012test	0309	5.000	make a ticking sound	make a clicking or ticking sound.
surprise.OnWN	2012test	0310	3.250	run or flow slowly	run or flow slowly, as in drops or in an unsteady stream.
surprise.OnWN	2012test	0311	4.500	Write a computer programme.	write a computer program.
surprise.OnWN	2012test	0312	5.000	a state of social order in conformance with existing law	a state of order in which events conform to the law.
surprise.OnWN	2012test	0313	4.500	An electronic storage device.	an electronic memory device.
surprise.OnWN	2012test	0314	4.250	a reference line used to align lettering	a light line that is used in lettering to help align the letters.
surprise.OnWN	2012test	0315	3.750	the quality of dedication, fixity of purpose	the trait of sincere and steadfast fixity of purpose.
surprise.OnWN	2012test	0316	4.000	Look furtively at something.	look furtively.
surprise.OnWN	2012test	0317	3.500	cast off, get rid of something	get rid of.
surprise.OnWN	2012test	0318	4.250	recover posession or get back again	get or find back; recover the use of.
surprise.OnWN	2012test	0319	4.750	a coefficient assigned to elements in a frequency distribution in order to indicate the relative importance of each element	(statistics) a coefficient assigned to elements of a frequency distribution in order to represent their relative importance.
surprise.OnWN	2012test	0320	4.000	(cause to) move around	cause to move round and round.
surprise.OnWN	2012test	0321	3.000	become due	become due for repayment.
surprise.OnWN	2012test	0322	3.500	Provide medical care for.	provide veterinary care for.
surprise.OnWN	2012test	0323	3.750	do over, make new	make new.
surprise.OnWN	2012test	0324	4.500	coat, cover, or treat the surface of	put a coat on; cover the surface of; furnish with a surface.
surprise.OnWN	2012test	0325	4.000	BASEBALL: strike out a batter	strike out (a batter), (of a pitcher).
surprise.OnWN	2012test	0326	3.250	Regain or make up for, as of a financial loss.	regain or make up for.
surprise.OnWN	2012test	0327	4.750	duplicate, match	duplicate or match.
surprise.OnWN	2012test	0328	4.250	indistinct vocal articulations	indistinct articulation.
surprise.OnWN	2012test	0329	4.000	the act of shoving something away	the act of applying force in order to move something away.
surprise.OnWN	2012test	0330	5.000	move or drive forcefully as if by a punch.	drive forcibly as if by a punch.
surprise.OnWN	2012test	0331	4.750	an intense surprise, often unpleasant	an unpleasant or disappointing surprise.
surprise.OnWN	2012test	0332	4.250	Make less emotionally hostile; win over          mentally or emotionally.	make less hostile; win over.
surprise.OnWN	2012test	0333	4.250	informal usage for a domestic cat, often young	informal terms referring to a domestic cat.
surprise.OnWN	2012test	0334	4.750	The act of sorting one thing from others.	sorting one thing from others.
surprise.OnWN	2012test	0335	4.000	the act of physically affixing or connecting things	the act of fastening things together.
surprise.OnWN	2012test	0336	4.000	the people who dwell in a camp	a group of people living together in a camp.
surprise.OnWN	2012test	0337	5.000	An unforseen development.	an unforeseen development.
surprise.OnWN	2012test	0338	3.000	bring into general popular/common use	cater to popular taste to make popular and present to the general public; bring into general or common use.
surprise.OnWN	2012test	0339	3.250	make impure; make radioactive	make impure.
surprise.OnWN	2012test	0340	4.750	a long, thin implement, usually made of wood	an implement consisting of a length of wood.
surprise.OnWN	2012test	0341	4.000	Formally reject or disavow a formerly held    belief; retract a statement.	formally reject or disavow a formerly held belief, usually under pressure.
surprise.OnWN	2012test	0342	2.250	(Cause to) to turn to the left side.	turn or go to the port or left side, of a ship.
surprise.OnWN	2012test	0343	3.750	Entail as a necessary accompaniment or result	impose, involve, or imply as a necessary accompaniment or result.
surprise.OnWN	2012test	0344	4.250	Physically attach to something.	fix to; attach.
surprise.OnWN	2012test	0345	4.750	assign to a particular task	assign to a specific task.
surprise.OnWN	2012test	0346	3.750	culminating event	be the culminating event.
surprise.OnWN	2012test	0347	4.750	act of constructing	the act of constructing something.
surprise.OnWN	2012test	0348	4.750	the primary information-processing component of a computer, of a microprocessor chip	(computer science) the part of a computer (a microprocessor chip) that does most of the data processing.
surprise.OnWN	2012test	0349	4.000	consider again, usually with a view to changing	consider again (a bill) that had been voted upon before, with a view to altering it.
surprise.OnWN	2012test	0350	3.500	cancel, reverse, annul	cancel, annul, or reverse an action or its effect.
surprise.OnWN	2012test	0351	4.500	define; determine essential qualities of	determine the essential quality of.
surprise.OnWN	2012test	0352	3.250	The pursuit and killing or capture of animals.	the pursuit and killing or capture of wild animals regarded as a sport.
surprise.OnWN	2012test	0353	3.500	manipulate the registers of a musical instrument	manipulate the registers of an organ.
surprise.OnWN	2012test	0354	3.750	move in an irregular course	move to and fro or from place to place usually in an irregular course.
surprise.OnWN	2012test	0355	4.000	the legal granting or bestowment of rights	the act of granting rights.
surprise.OnWN	2012test	0356	3.750	jolt of electrical current to the body	a reflex response to the passage of electric current through the body.
surprise.OnWN	2012test	0357	4.000	Become pregnant.	become pregnant; undergo conception.
surprise.OnWN	2012test	0358	3.750	the bestowing of a franchise, enfranchisment	the act of certifying or bestowing a franchise on.
surprise.OnWN	2012test	0359	3.750	act of distributing	the act of apportioning or distributing something.
surprise.OnWN	2012test	0360	4.500	The state of being more than satisfied or satiated.	the state of being more than full.
surprise.OnWN	2012test	0361	4.000	conscious subjective emotion or desire	the conscious subjective aspect of feeling or emotion.
surprise.OnWN	2012test	0362	3.750	The act of proposing someone as a candidate for something.	the condition of having been proposed as a suitable candidate for appointment or election.
surprise.OnWN	2012test	0363	4.000	to hunt snipe	hunt or shoot snipe.
surprise.OnWN	2012test	0364	3.500	hunt for hawks	hunt with hawks.
surprise.OnWN	2012test	0365	1.750	a continuous horizontal layer of brick	(construction) a layer of masonry.
surprise.OnWN	2012test	0366	3.750	a brief attempt at some endeavor	a usually brief attempt.
surprise.OnWN	2012test	0367	4.000	propagation of waves back from a surface	the phenomenon of a propagating wave (light or sound) being thrown back from a surface.
surprise.OnWN	2012test	0368	3.500	examine minutely; search diligently	examine minutely.
surprise.OnWN	2012test	0369	3.000	enjoy, be fond of or approve	be fond of.
surprise.OnWN	2012test	0370	5.000	a person under the guardianship or custody of another	a person who is under the protection or in the custody of another.
surprise.OnWN	2012test	0371	4.750	Strike or hit sharply, perhaps as in sport.	strike sharply, as in some sports.
surprise.OnWN	2012test	0372	5.000	Fly in or on a glider plane	fly in or as if in a glider plane.
surprise.OnWN	2012test	0373	4.750	one fourth of a year	a fourth part of a year; three months.
surprise.OnWN	2012test	0374	2.750	make an abstract thing tight or more restrictive	make tight or tighter.
surprise.OnWN	2012test	0375	4.500	provide (a person or group) with power or authority	provide with power and authority.
surprise.OnWN	2012test	0376	3.750	Run at a moderately swift pace, as for exercise.	run at a moderately swift pace.
surprise.OnWN	2012test	0377	4.750	Envelop completely; form a cover over.	form an impenetrable cover over.
surprise.OnWN	2012test	0378	4.250	mold for casting, setting concrete	a mold for setting concrete.
surprise.OnWN	2012test	0379	3.500	cause friction; wear away or erode	wear away or erode.
surprise.OnWN	2012test	0380	4.500	A feeling for something that is desired intensely.	something that is desired intensely.
surprise.OnWN	2012test	0381	4.250	put or store in a bottle	store (liquids or gases) in bottles.
surprise.OnWN	2012test	0382	4.000	Be a sign or indication of; have as a meaning.	be a sign or indication of.
surprise.OnWN	2012test	0383	4.250	the act of choosing, picking one among many	the act of choosing or selecting.
surprise.OnWN	2012test	0384	4.250	act of becoming distant, moving away from	the act of becoming more distant.
surprise.OnWN	2012test	0385	3.750	take in marriage; perform a marriage ceremony	take in marriage.
surprise.OnWN	2012test	0386	4.500	Skip, leap, or move up and down or sideways          as a manner of motion.	skip, leap, or move up and down or sideways.
surprise.OnWN	2012test	0387	3.250	a military fortification, stronghold	a stronghold.
surprise.OnWN	2012test	0388	3.250	the fashionable elite of a given community	the fashionable elite.
surprise.OnWN	2012test	0389	4.500	characteristic call of an animal	the characteristic utterance of an animal.
surprise.OnWN	2012test	0390	4.500	make or become more acute or intense	make more intense, stronger, or more marked.
surprise.OnWN	2012test	0391	4.250	A journey for some purpose.	a journey for some purpose (usually including the return).
surprise.OnWN	2012test	0392	4.000	Fake or falsify; control in a fraudulent manner.	manipulate in a fraudulent manner.
surprise.OnWN	2012test	0393	3.250	fruit cooked down with sugar, jam	fruit preserved by cooking with sugar.
surprise.OnWN	2012test	0394	4.000	the act of leading or guiding others	the activity of leading.
surprise.OnWN	2012test	0395	4.250	coating used as a repellant to moisture	a finishing coat applied to exclude moisture.
surprise.OnWN	2012test	0396	4.250	a person who cleans chimneys	someone who cleans soot from chimneys.
surprise.OnWN	2012test	0397	3.500	Shine intensely; emit a steady, even light    from a source.	emit a steady even light without flames.
surprise.OnWN	2012test	0398	3.500	behave in a certain way; have a specific effect or outcome	behave in a certain way.
surprise.OnWN	2012test	0399	4.500	communicate with a hiss	express or utter with a hiss.
surprise.OnWN	2012test	0400	3.750	a male bee whose function is to fertilize the queen	stingless male bee in a colony of social bees (especially honeybees) whose sole function is to mate with the queen.
surprise.OnWN	2012test	0401	3.750	a sporting match, boxing	a boxing or wrestling match.
surprise.OnWN	2012test	0402	4.500	cause to reproduce (plants or animals)	cause to procreate (animals).
surprise.OnWN	2012test	0403	4.750	The feeling of annoyance at being hindered or thwarted.	a feeling of annoyance at being hindered or criticized.
surprise.OnWN	2012test	0404	4.250	move along on wheels	move along on or as if on wheels or a wheeled vehicle.
surprise.OnWN	2012test	0405	3.750	[provide with a new or different resting place	provide with a new seat.
surprise.OnWN	2012test	0406	4.500	activity of extracting ore or other matter from the ground	the act of extracting ores or coal etc from the earth.
surprise.OnWN	2012test	0407	3.500	to interrupt, enter uninvited	enter uninvited.
surprise.OnWN	2012test	0408	4.000	A person or thing equal to another in value or significane.	a person or thing equal to another in value or measure or force or effect or significance etc.
surprise.OnWN	2012test	0409	3.750	a cause or source of harm	a cause of pain or injury or loss.
surprise.OnWN	2012test	0410	4.500	make (more) comprehensible	make clear and (more) comprehensible.
surprise.OnWN	2012test	0411	4.500	the state of being retained	the act of retaining something.
surprise.OnWN	2012test	0412	4.000	a problem, something wrong	a problem.
surprise.OnWN	2012test	0413	4.750	stretch out or over completely	stretch out completely.
surprise.OnWN	2012test	0414	2.500	continue to live, exist, or prosper	continue to live through hardship or adversity.
surprise.OnWN	2012test	0415	3.750	a caress with the lips	the act of caressing with the lips (or an instance thereof).
surprise.OnWN	2012test	0416	3.500	Provide with rails, as by laying.	lay with rails.
surprise.OnWN	2012test	0417	4.500	the close approach of one object to another	the motion of one object relative to another.
surprise.OnWN	2012test	0418	4.000	make a hole with a pointed tool	make a hole, especially with a pointed power or hand tool.
surprise.OnWN	2012test	0419	4.000	Fix (something old) with a new part; improve.	piece (something old) with a new part.
surprise.OnWN	2012test	0420	4.250	the act of  damaging something, causing breakage	the act of breaking something.
surprise.OnWN	2012test	0421	3.750	the ground level of a multi-storied building	the floor of a building that is at or nearest to the level of the ground around the building.
surprise.OnWN	2012test	0422	2.250	A quantity of something	a quantity of money.
surprise.OnWN	2012test	0423	3.000	a large room	the large room of a manor or castle.
surprise.OnWN	2012test	0424	4.500	leave out, omit, prevent from entering	prevent from entering; keep out.
surprise.OnWN	2012test	0425	4.000	Sniff at inquiringly.	sniff or smell inquiringly.
surprise.OnWN	2012test	0426	4.750	provide lodging for	provide housing for.
surprise.OnWN	2012test	0427	4.750	Change the purpose or functioning of a system.	change the inherent purpose or function of something.
surprise.OnWN	2012test	0428	4.667	provide with tools or items for a specific purpose	provide with (something) usually for a specific purpose.
surprise.OnWN	2012test	0429	4.000	gain points in a game; add up (numbers)	gain points in a game.
surprise.OnWN	2012test	0430	4.333	travel in front of, be first, precede	travel in front of; go in advance of others.
surprise.OnWN	2012test	0431	4.667	Remove by rubbing	remove by or as if by rubbing or erasing.
surprise.OnWN	2012test	0432	4.667	the hard upper part of the human nose	the hard ridge that forms the upper part of the nose.
surprise.OnWN	2012test	0433	4.333	make shine	make (a surface) shine.
surprise.OnWN	2012test	0434	4.250	recover, return to former state	return to a former condition.
surprise.OnWN	2012test	0435	4.000	remove the pod, husk or shell	remove the husks from.
surprise.OnWN	2012test	0436	4.250	speed up the process of	speed up the progress of; facilitate.
surprise.OnWN	2012test	0437	4.750	(cause to) swing and miss the third pitch, striking out	strike out by swinging and missing the pitch charged as the third.
surprise.OnWN	2012test	0438	3.750	Literally and quantifiably raise in social rank or status.	raise in rank, character, or status.
surprise.OnWN	2012test	0439	3.250	alter by chemical means, to make images.	make visible by means of chemical solutions.
surprise.OnWN	2012test	0440	3.500	highly infectious viral disease	an acute febrile highly contagious viral disease.
surprise.OnWN	2012test	0441	4.250	make a certain size or sort according to size	make to a size; bring to a suitable size.
surprise.OnWN	2012test	0442	4.000	Remove tree stumps from an area.	remove tree stumps from.
surprise.OnWN	2012test	0443	3.250	pass the tongue over, take up with the tongue	pass the tongue over.
surprise.OnWN	2012test	0444	5.000	a computer-generated visual image	an image that is generated by a computer.
surprise.OnWN	2012test	0445	4.000	do better in a competition; win	come out better in a competition, race, or conflict.
surprise.OnWN	2012test	0446	3.500	aerodynamic force that opposed gravity	the component of the aerodynamic forces acting on an airfoil that opposes gravity.
surprise.OnWN	2012test	0447	3.000	Start abruptly, ignite	start abruptly.
surprise.OnWN	2012test	0448	4.000	a local announcement made within a public broadcast	(broadcasting) a local announcement inserted into a network program.
surprise.OnWN	2012test	0449	4.000	making real or concrete	something that is made real or concrete.
surprise.OnWN	2012test	0450	4.000	Sound sharply or shrilly, as if stabbing.	sound sharply or shrilly.
surprise.OnWN	2012test	0451	4.000	the act of officially gaining entrance to somewhere	the act of admitting someone to enter.
surprise.OnWN	2012test	0452	4.000	spend time in prison	spend time in prison or in a labor camp.
surprise.OnWN	2012test	0453	4.750	hold, contain within	contain or hold; have within.
surprise.OnWN	2012test	0454	4.750	act of verbally informing	the act of informing by verbal report.
surprise.OnWN	2012test	0455	4.000	forcefully request	request urgently and forcefully.
surprise.OnWN	2012test	0456	4.500	the quality of dissimilarity	the quality of being unlike or dissimilar.
surprise.OnWN	2012test	0457	4.000	throw quickly, flick	throw quickly.
surprise.OnWN	2012test	0458	3.000	move to and fro around a particular point or points, remain near	move to and fro.
surprise.OnWN	2012test	0459	3.750	Put up with something or someone          unpleasant; show deference towards someone or some authority.	put up with something or somebody unpleasant.
surprise.OnWN	2012test	0460	3.750	the breakup or termination of a social relationship	the termination or disintegration of a relationship (between persons or nations).
surprise.OnWN	2012test	0461	5.000	destruction of a ship	destroy a ship.
surprise.OnWN	2012test	0462	3.500	The human act of making something new.	the act of starting something for the first time; introducing something new.
surprise.OnWN	2012test	0463	4.500	ride (a bicycle or motorcycle)	ride a motorcycle.
surprise.OnWN	2012test	0464	5.000	The principal activity that one does to earn money.	the principal activity in your life that you do to earn money.
surprise.OnWN	2012test	0465	4.750	maintain or preserve a particular condition, state, or activity	continue a certain state, condition, or activity.
surprise.OnWN	2012test	0466	3.750	a spoken or written reply to a question	a statement (either spoken or written) that is made to reply to a question or request or criticism or accusation.
surprise.OnWN	2012test	0467	5.000	committee with supervisory powers	a committee having supervisory powers.
surprise.OnWN	2012test	0468	4.250	a section of a composition, textual or musical	a short section of a musical composition.
surprise.OnWN	2012test	0469	4.750	a gear for changing the motion of a machine to the opposite direction	the gears by which the motion of a machine can be reversed.
surprise.OnWN	2012test	0470	4.500	take a digestion-aiding walk after a meal	take a walk for one's health or to aid digestion, as after a meal.
surprise.OnWN	2012test	0471	3.750	forked form or shape	a part of a forked or branching shape.
surprise.OnWN	2012test	0472	4.750	insert or close with a plug	fill or close tightly with or as if with a plug.
surprise.OnWN	2012test	0473	4.000	incite some act of insubordination	incite, move, or persuade to some act of lawlessness or insubordination.
surprise.OnWN	2012test	0474	3.500	formally announce the termination of an agreement	announce the termination of, as of treaties.
surprise.OnWN	2012test	0475	4.000	beat or pound rapidly	cause to throb or beat rapidly.
surprise.OnWN	2012test	0476	4.000	Make a line or marks on a surface; copy by          following the lines of	make a mark or lines on a surface.
surprise.OnWN	2012test	0477	3.750	recite as a chant, intone	recite with musical intonation; recite as a chant or a psalm.
surprise.OnWN	2012test	0478	4.000	the ability of computers to exchange digital information between them and make use of it	(computer science) the ability to exchange and use information (usually in a large heterogeneous network made up of several local area networks).
surprise.OnWN	2012test	0479	4.500	act of applying force	the act of applying force suddenly.
surprise.OnWN	2012test	0480	5.000	the process of becoming less or smaller	a process of becoming smaller or shorter.
surprise.OnWN	2012test	0481	4.250	Be in command of; exercise authority or  control over.	exercise authoritative control or power over.
surprise.OnWN	2012test	0482	4.250	be a factor or play a role in something	be or play a part of or in.
surprise.OnWN	2012test	0483	4.500	an expanse of land	an extended area of land.
surprise.OnWN	2012test	0484	3.500	move an implement through with a circular motion, mix	move an implement through.
surprise.OnWN	2012test	0485	3.750	deprive of courage, hope, or optimism	deprive of courage or hope; take away hope from; cause to feel discouraged.
surprise.OnWN	2012test	0486	2.750	the armed forces	a force that is a branch of the armed forces.
surprise.OnWN	2012test	0487	2.750	Furnish with metal spurs.	furnish with spars.
surprise.OnWN	2012test	0488	3.250	Remove water from a substance.	remove water from.
surprise.OnWN	2012test	0489	3.250	Provide with rails, as by laying.	provide with rails.
surprise.OnWN	2012test	0490	4.500	make or be a summary	be a summary of.
surprise.OnWN	2012test	0491	3.750	be affected with smut or mildew	affect with smut or mildew, as of a crop such as corn.
surprise.OnWN	2012test	0492	3.000	Talk or behave amorously; have sex with.	talk or behave amorously, without serious intentions.
surprise.OnWN	2012test	0493	3.500	Excuse some minor social infraction; accept    an excuse for something.	accept an excuse for.
surprise.OnWN	2012test	0494	4.750	indicate, be signs or symptoms of	be a signal for or a symptom of.
surprise.OnWN	2012test	0495	3.500	a verbal or written request for access to something.	a verbal or written request for assistance or employment or admission to a school.
surprise.OnWN	2012test	0496	4.750	have a logical result	have as a logical consequence.
surprise.OnWN	2012test	0497	4.750	Travel on foot.	cross on foot.
surprise.OnWN	2012test	0498	4.500	the act of suction	the act of sucking.
surprise.OnWN	2012test	0499	4.250	A band of leather or rope made to identify animals.	a band of leather or rope that is placed around an animal's neck as a harness or to identify it.
surprise.OnWN	2012test	0500	4.750	Put a harness on.	put a harness.
surprise.OnWN	2012test	0501	4.750	Provide or equip specifically with furniture.	provide or equip with furniture.
surprise.OnWN	2012test	0502	4.750	To move (the head or body) quickly    downwards or away (from something).	to move (the head or body) quickly downwards or away.
surprise.OnWN	2012test	0503	5.000	reason or establish by deduction	reason by deduction; establish by deduction.
surprise.OnWN	2012test	0504	3.750	Make pregnant; fertilize and cause to grow.	fertilize and cause to grow.
surprise.OnWN	2012test	0505	5.000	find the solution to or understand the          meaning of	find the solution to (a problem or question) or understand the meaning of.
surprise.OnWN	2012test	0506	4.750	Move about in a confused or purposeless manner.	move about in a confused manner.
surprise.OnWN	2012test	0507	4.250	put up with something unpleasant	put up with something or somebody unpleasant.
surprise.OnWN	2012test	0508	5.000	A means or agency by which something is communicated.	a means or agency by which something is expressed or communicated.
surprise.OnWN	2012test	0509	5.000	take apart into constituent pieces	take apart into its constituent pieces.
surprise.OnWN	2012test	0510	5.000	A short theatrical program that is part of a longer program.	a short theatrical performance that is part of a longer program.
surprise.OnWN	2012test	0511	4.000	decree, issue an order	issue an order.
surprise.OnWN	2012test	0512	5.000	the termination, ending of a meeting	the termination of a meeting.
surprise.OnWN	2012test	0513	5.000	An indicator that orients one generally.	an indicator that orients you generally.
surprise.OnWN	2012test	0514	4.000	Increase the acoustic volume of.	increase the volume of.
surprise.OnWN	2012test	0515	5.000	open to members of all races and ethnic groups	open (a place) to members of all races and ethnic groups.
surprise.OnWN	2012test	0516	5.000	reduce to small pieces by pounding or abrading	reduce to small pieces or particles by pounding or abrading.
surprise.OnWN	2012test	0517	4.000	hit a fly (baseball)	hit a fly.
surprise.OnWN	2012test	0518	3.750	FISHING-exhaust by allowing to pull on the line	exhaust by allowing to pull on the line.
surprise.OnWN	2012test	0519	3.750	be or come into conflict	be incompatible; be or come into conflict.
surprise.OnWN	2012test	0520	3.250	Produce a phonemic click.	produce a click.
surprise.OnWN	2012test	0521	5.000	angle with a hook and line and draw through          water	angle with a hook and line drawn through the water.
surprise.OnWN	2012test	0522	5.000	the front face of a building	the face or front of a building.
surprise.OnWN	2012test	0523	5.000	make something more diverse or varied	make something more diverse and varied.
surprise.OnWN	2012test	0524	4.000	issue bonds on something	issue bonds on.
surprise.OnWN	2012test	0525	5.000	women's sleeveless undergarment	a woman's sleeveless undergarment.
surprise.OnWN	2012test	0526	3.500	Move oneself very fast.	move very fast.
surprise.OnWN	2012test	0527	4.000	Oppose or approach, as in hostility or competition	oppose, as in hostility or a competition.
surprise.OnWN	2012test	0528	3.750	make more complex or intricate	make more complex, intricate, or richer.
surprise.OnWN	2012test	0529	4.250	cause to be/show to be invalid	show to be invalid.
surprise.OnWN	2012test	0530	4.500	create a new entity by putting components or members together	create by putting components or members together.
surprise.OnWN	2012test	0531	4.750	the activity of providing supplies	the activity of supplying or providing something.
surprise.OnWN	2012test	0532	5.000	make or become brighter or lighter	make lighter or brighter.
surprise.OnWN	2012test	0533	5.000	actors in a play	the actors in a play.
surprise.OnWN	2012test	0534	5.000	take someone's soul into heaven	take up someone's soul into heaven.
surprise.OnWN	2012test	0535	5.000	Discipline in personal or social activities.	discipline in personal and social activities.
surprise.OnWN	2012test	0536	4.750	a person eating a meal, often in a restaurant	a person eating a meal (especially in a restaurant).
surprise.OnWN	2012test	0537	4.250	A sudden (emotional) outburst.	a sudden outburst.
surprise.OnWN	2012test	0538	4.000	make or become harder	make hard or harder.
surprise.OnWN	2012test	0539	5.000	the introductory portion of a story	the introductory section of a story.
surprise.OnWN	2012test	0540	3.750	work material with a tool	work with a tool.
surprise.OnWN	2012test	0541	4.500	make or become less strict or severe	make less severe or strict.
surprise.OnWN	2012test	0542	4.750	support by placing on or against something solid	support by placing against something solid or rigid.
surprise.OnWN	2012test	0543	5.000	Part, cease, or break association with (something).	part; cease or break association with.
surprise.OnWN	2012test	0544	5.000	have the financial means to obtain, buy, or do something	have the financial means to do something or buy something.
surprise.OnWN	2012test	0545	4.250	A list of candidates nominated by a political party to run for election.	a list of candidates nominated by a political party to run for election to public offices.
surprise.OnWN	2012test	0546	5.000	say, state, or perform again	to say, state, or perform again.
surprise.OnWN	2012test	0547	5.000	allow the passage of air	allow the passage of air through.
surprise.OnWN	2012test	0548	5.000	unite; merge with something already in existence	unite or merge with something already in existence.
surprise.OnWN	2012test	0549	5.000	use resources or materials	use up (resources or materials).
surprise.OnWN	2012test	0550	5.000	make or become harder	become hard or harder.
surprise.OnWN	2012test	0551	5.000	(Cause to) be firmly attached or closed.	cause to be firmly attached.
surprise.OnWN	2012test	0552	5.000	make or become wider or more extensive	become broader or wider or more extensive.
surprise.OnWN	2012test	0553	4.750	Unrestricted freedom to use something.	unrestricted freedom to use.
surprise.OnWN	2012test	0554	4.750	laying claim, the act of taking possession of, or power over, something.	the act of taking possession of or power over something.
surprise.OnWN	2012test	0555	4.750	give structure to	give a structure to.
surprise.OnWN	2012test	0556	5.000	mark with scars	mark with a scar.
surprise.OnWN	2012test	0557	5.000	(Baseball) Tag the base runner to get him out.	tag the base runner to get him out.
surprise.OnWN	2012test	0558	4.400	Be reflected as heat, light, or shock waves;.	be reflected as heat, sound, or light or shock waves.
surprise.OnWN	2012test	0559	4.800	a competitor most likely to win	a competitor thought likely to win.
surprise.OnWN	2012test	0560	4.600	make or become longer	become long or longer.
surprise.OnWN	2012test	0561	4.600	be on base at the end of an inning	to be on base at the end of an inning, of a player.
surprise.OnWN	2012test	0562	3.500	Either of the two categories (male or female) into which most organisms are divided, or key properties that distinguish the categories.	either of the two categories (male or female) into which most organisms are divided.
surprise.OnWN	2012test	0563	3.500	(science) The atomic weight of an element that has the same combining capacity as a given weight of another element.	the atomic weight of an element that has the same combining capacity as a given weight of another element; the standard is 8 for oxygen.
surprise.OnWN	2012test	0564	4.750	provide with a toggle	provide with a toggle or toggles.
surprise.OnWN	2012test	0565	4.250	(cause to) move back and forth or side to side	cause to move back and forth.
surprise.OnWN	2012test	0566	3.750	measure the depth of a body of water	measure the depth of (a body of water) with a sounding line.
surprise.OnWN	2012test	0567	5.000	make a loud noise, as an animal	make a loud noise, as of animal.
surprise.OnWN	2012test	0568	5.000	The act of coming to rest after a voyage.	the act of coming to land after a voyage.
surprise.OnWN	2012test	0569	5.000	join or bring together (two) objects, ideas, or people	bring two objects, ideas, or people together.
surprise.OnWN	2012test	0570	4.500	Make reference to something.	make reference to.
surprise.OnWN	2012test	0571	4.250	Behave violently, as if in a state of great    anger; break or tear violently.	behave violently, as if in state of a great anger.
surprise.OnWN	2012test	0572	4.750	Form a spiral or move in a spiral course.	move in a spiral or zigzag course.
surprise.OnWN	2012test	0573	4.250	a feeling of aversion, distaste, antipathy	a feeling of aversion or antipathy.
surprise.OnWN	2012test	0574	4.000	Release (gas or energy) as a result of a chemical reaction or physical decomposition (perhaps in a metaphorical sense)	release (gas or energy) as a result of a chemical reaction or physical decomposition.
surprise.OnWN	2012test	0575	4.000	overcome with amazement; flabbergast	overcome with amazement.
surprise.OnWN	2012test	0576	3.750	behave in a condescending manner	behave in a patronizing and condescending manner.
surprise.OnWN	2012test	0577	4.000	take into one's family or group	take into one's family.
surprise.OnWN	2012test	0578	5.000	(Contract bridge) the highest bid becomes the contract setting in the number of tricks that the bidder must make.	(contract bridge) the highest bid becomes the contract setting the number of tricks that the bidder must make.
surprise.OnWN	2012test	0579	5.000	go on a campaign or off to war	go on a campaign; go off to war.
surprise.OnWN	2012test	0580	4.250	react, or respond to a call, command, or stimulus	react to a stimulus or command.
surprise.OnWN	2012test	0581	5.000	(Literally) sound with resonance.	sound with resonance.
surprise.OnWN	2012test	0582	4.750	an injury to the skin caused by radiation, heat or chemicals	an injury caused by exposure to heat or chemicals or radiation.
surprise.OnWN	2012test	0583	4.250	make a causal or logical connection; group together	make a logical or causal connection.
surprise.OnWN	2012test	0584	5.000	Apply conditioner to make smooth and shiny.	apply conditioner to in order to make smooth and shiny.
surprise.OnWN	2012test	0585	5.000	exercise or have power of memory	exercise, or have the power of, memory.
surprise.OnWN	2012test	0586	4.750	A feeling or state of extreme anger.	a state of extreme anger.
surprise.OnWN	2012test	0587	5.000	Wrinkled, crumpled, or creased.	become wrinkled or crumpled or creased.
surprise.OnWN	2012test	0588	5.000	Admit to testing/proof	admit to testing or proof.
surprise.OnWN	2012test	0589	5.000	an accounting period of 12 months	any accounting period of 12 months.
surprise.OnWN	2012test	0590	4.333	praise the qualities in order to sell or promote	make a plug for; praise the qualities or in order to sell or promote.
surprise.OnWN	2012test	0591	3.750	relative darkness of a color	relative darkness or lightness of a color.
surprise.OnWN	2012test	0592	4.250	Strike heavily, especially with a fist or implement.	strike heavily, especially with the fist or a bat.
surprise.OnWN	2012test	0593	4.750	Make receptive or willing toward an action or belief.	make receptive or willing towards an action or attitude or belief.
surprise.OnWN	2012test	0594	5.000	open again, open anew	open again or anew.
surprise.OnWN	2012test	0595	4.000	A conceptual formulation; a way of conceiving something.	a way of conceiving something.
surprise.OnWN	2012test	0596	5.000	heat metal prior to working it	heat a metal prior to working it.
surprise.OnWN	2012test	0597	4.500	feel the strong need to eat	feel the need to eat.
surprise.OnWN	2012test	0598	3.667	be in direct physical contact with	be in direct physical contact with; make contact.
surprise.OnWN	2012test	0599	3.667	Give suck to; receive suck.	give suck to.
surprise.OnWN	2012test	0600	4.333	covering for a bed	decorative cover for a bed.
surprise.OnWN	2012test	0601	5.000	grip, penetrate or tear off with or as if with the teeth or jaws	to grip, cut off, or tear with or as if with the teeth or jaws.
surprise.OnWN	2012test	0602	4.500	play a stringed instrument with a bow	play on a string instrument with a bow.
surprise.OnWN	2012test	0603	4.000	Doubt or an impression that something might    not be the case.	an impression that something might be the case.
surprise.OnWN	2012test	0604	4.750	A successful throw or try for a point after a touchdown.	a successful free throw or try for point after a touchdown.
surprise.OnWN	2012test	0605	4.500	Express audibly; utter sounds (not          necessarily words); indicate.	express audibly; utter sounds (not necessarily words).
surprise.OnWN	2012test	0606	5.000	hold back in uncertainty or unwillingness	pause or hold back in uncertainty or unwillingness.
surprise.OnWN	2012test	0607	5.000	a serving of a beverage	a single serving of a beverage.
surprise.OnWN	2012test	0608	4.500	Give an incentive or reason for action.	give an incentive for action.
surprise.OnWN	2012test	0609	5.000	the day before today	the day immediately before today.
surprise.OnWN	2012test	0610	4.333	take or capture by force or authority	take or capture by force.
surprise.OnWN	2012test	0611	5.000	(Medicine) Apply a plaster cast to.	apply a plaster cast to.
surprise.OnWN	2012test	0612	5.000	interfere with someone else's activity	interfere in someone else's activity.
surprise.OnWN	2012test	0613	5.000	Assign a new time for an event	assign a new time and place for an event.
surprise.OnWN	2012test	0614	4.750	Value measured by what must be given or done to obtain something.	value measured by what must be given or done or undergone to obtain something.
surprise.OnWN	2012test	0615	4.500	touch or hold with the hands	touch, lift, or hold with the hands.
surprise.OnWN	2012test	0616	5.000	scrape or rub to relieve itching	scrape or rub as if to relieve itching.
surprise.OnWN	2012test	0617	4.750	give a detailed account of	narrate or give a detailed account of.
surprise.OnWN	2012test	0618	5.000	Any activity that acquires a person's attention.	any activity that occupies a person's attention.
surprise.OnWN	2012test	0619	5.000	cause to become awake or alert	cause to become awake or conscious.
surprise.OnWN	2012test	0620	4.500	provide a feast or banquet	provide a feast or banquet for.
surprise.OnWN	2012test	0621	5.000	The act of hindering someone's plans or efforts.	an act of hindering someone's plans or efforts.
surprise.OnWN	2012test	0622	4.250	Fool or hoax (someone).	fool or hoax.
surprise.OnWN	2012test	0623	4.750	raising the stakes or bet of a game by a factor of 2	raising the stakes in a card game by a factor of 2.
surprise.OnWN	2012test	0624	4.500	The (period of) control of a country by military forces of a foreign power.	the control of a country by military forces of a foreign power.
surprise.OnWN	2012test	0625	5.000	(computer science) the occurence of an incorrect result produced by a computer.	(computer science) the occurrence of an incorrect result produced by a computer.
surprise.OnWN	2012test	0626	4.000	give pleasure, satifaction, or happiness; be pleasing to	give pleasure to or be pleasing to.
surprise.OnWN	2012test	0627	5.000	the soft padding under a saddle	a soft pad placed under a saddle.
surprise.OnWN	2012test	0628	5.000	elecate or idealize in allusion to Christ's          transfiguration	elevate or idealize, in allusion to Christ's transfiguration.
surprise.OnWN	2012test	0629	4.750	inability of the heart to pump blood to sustain life functions	inability of the heart to pump enough blood to sustain normal bodily functions.
surprise.OnWN	2012test	0630	4.000	cause to vibrate in a different pattern	cause to vibrate in a definite pattern.
surprise.OnWN	2012test	0631	4.500	warn or call to a sense of preparedness	warn or arouse to a sense of danger or call to a state of preparedness.
surprise.OnWN	2012test	0632	4.500	Adapt oneself to new or different conditions.	adapt or conform oneself to new or different conditions.
surprise.OnWN	2012test	0633	4.500	move faster, or cause to move faster	cause to move faster.
surprise.OnWN	2012test	0634	5.000	Supply food ready to eat, as for parties          and banquets.	supply food ready to eat; for parties and banquets.
surprise.OnWN	2012test	0635	4.000	express protest or dissent, raise an objection	express or raise an objection or protest or criticism or express dissent.
surprise.OnWN	2012test	0636	4.250	clear mucus from one's throat	clear mucus or food from one's throat.
surprise.OnWN	2012test	0637	5.000	pass into a state or condition	pass into a specified state or condition.
surprise.OnWN	2012test	0638	3.750	add embellishments (to medieval manuscripts)	add embellishments and paintings to (medieval manuscripts).
surprise.OnWN	2012test	0639	4.750	make or become thick	make thick or thicker.
surprise.OnWN	2012test	0640	4.750	move or execute very quickly or hastily	run or move very quickly or hastily.
surprise.OnWN	2012test	0641	4.000	hurt, feel physical pain	feel physical pain.
surprise.OnWN	2012test	0642	4.250	tell or spread rumors; say	tell or spread rumors.
surprise.OnWN	2012test	0643	4.250	throw with force or recklessness; cast away	throw with force or recklessness.
surprise.OnWN	2012test	0644	4.500	return to in thought or speech	return in thought or speech to something.
surprise.OnWN	2012test	0645	4.250	Try to cure by special care    or treatment, of an illness or injury; treat carefully.	try to cure by special care of treatment, of an illness or injury.
surprise.OnWN	2012test	0646	4.250	a sweeping cut with a sharp instrument	a strong sweeping cut made with a sharp instrument.
surprise.OnWN	2012test	0647	4.500	Any address at which one dwells more than temporarily.	any address at which you dwell more than temporarily.
surprise.OnWN	2012test	0648	4.750	BOTANY -- the usually underground organ of a plant that lacks buds or leaves or nodes, which absorbs water and mineral salts; usually it anchors the plant to the ground.	(botany) the usually underground organ that lacks buds or leaves or nodes; absorbs water and mineral salts; usually it anchors the plant to the ground.
surprise.OnWN	2012test	0649	3.750	Reproduce or make an exact copy of; make,    do, or perform again.	reproduce or make an exact copy of.
surprise.OnWN	2012test	0650	4.500	pass (a thread) through or into,on or as if on a    string	thread on or as if on a string.
surprise.OnWN	2012test	0651	4.500	Engrave by means of dots.	engrave by means of dots and flicks.
surprise.OnWN	2012test	0652	4.750	have a strong desire to do something	have a strong desire or urge to do something.
surprise.OnWN	2012test	0653	4.500	be relevant or pertinent	be pertinent or relevant or applicable.
surprise.OnWN	2012test	0654	4.000	indicate contempt by breathing noisily and    forcefully through the news	indicate contempt by breathing noisily and forcefully through the nose.
surprise.OnWN	2012test	0655	5.000	become aware of through the senses	to become aware of through the senses.
surprise.OnWN	2012test	0656	4.500	cause to be alert or energetic	cause to be alert and energetic.
surprise.OnWN	2012test	0657	4.500	Remove by erasing or crossing out, as if by    drawing a line through.	remove by erasing or crossing out or as if by drawing a line.
surprise.OnWN	2012test	0658	5.000	cook slowly for a long time in liquid	cook slowly and for a long time in liquid.
surprise.OnWN	2012test	0659	3.750	the temperature at which a liquid boils, bubbles	the temperature at which a liquid boils at sea level.
surprise.OnWN	2012test	0660	3.750	Make a map of; show or establish the    features or details of; explore or survey for the purposes of making a    map.	make a map of; show or establish the features of details of.
surprise.OnWN	2012test	0661	5.000	The social force that binds one to the courses of action demanded by that force.	the social force that binds you to the courses of action demanded by that force.
surprise.OnWN	2012test	0662	4.250	Avoid or try to avoid fulfilling,          answering, or performing.	avoid or try to avoid fulfilling, answering, or performing (duties, questions, or issues).
surprise.OnWN	2012test	0663	4.750	Lead someone in the wrong direction  (physically); give wrong spatial directions.	lead someone in the wrong direction or give someone wrong directions.
surprise.OnWN	2012test	0664	4.250	maintain, assert, or claim	maintain or assert.
surprise.OnWN	2012test	0665	4.500	Improve by restoring to a previous or better condition.	restore to a previous or better condition.
surprise.OnWN	2012test	0666	4.750	make accessible to some action, influence, or condition	expose or make accessible to some action or influence.
surprise.OnWN	2012test	0667	4.000	Approach a limit as the number of terms          increases without limit; specifically a mathematical term.	approach a limit as the number of terms increases without limit.
surprise.OnWN	2012test	0668	5.000	The stiching that forms the rim of a shoe or boot.	the stitching that forms the rim of a shoe or boot.
surprise.OnWN	2012test	0669	4.750	put under the control of the federal government	put under the control and authority of a federal government.
surprise.OnWN	2012test	0670	5.000	Manual stimulation fo the genital area for sexual pleasure.	manual stimulation of the genital area for sexual pleasure.
surprise.OnWN	2012test	0671	4.250	equip with a fuse	equip with a fuse; provide with a fuse.
surprise.OnWN	2012test	0672	4.750	end of the American Revolution	the successful ending of the American Revolution.
surprise.OnWN	2012test	0673	5.000	(mathematics) The smallest whole number or a numeral representing this number.	the smallest whole number or a numeral representing this number.
surprise.OnWN	2012test	0674	4.500	stimulating or demanding factors of a situation	a demanding or stimulating situation.
surprise.OnWN	2012test	0675	4.500	A physical portion of all or part of a natural object that is collected and preserved as an example of its class or total.	all or part of a natural object that is collected and preserved as an example of its class.
surprise.OnWN	2012test	0676	5.000	Amplify an electron current by causing part          of the power on the output circuit to act upon the input circuit.	amplify (an electron current) by causing part of the power in the output circuit to act upon the input circuit.
surprise.OnWN	2012test	0677	3.250	A human utters words loudly and forcefully.	utter words loudly and forcefully.
surprise.OnWN	2012test	0678	5.000	oppose with equal weight or force	contrast with equal weight or force.
surprise.OnWN	2012test	0679	5.000	(Cause to) strike the air in flight.	strike the air in flight.
surprise.OnWN	2012test	0680	5.000	Preserve in a tin or jar.	preserve in a can or tin.
surprise.OnWN	2012test	0681	5.000	a chain of atoms in a molecule forming a closed loop	(chemistry) a chain of atoms in a molecule that forms a closed loop.
surprise.OnWN	2012test	0682	5.000	make the surface level or smooth	make the surface of level or smooth.
surprise.OnWN	2012test	0683	4.750	Impress or affect deeply (emotionally).	impress or affect deeply.
surprise.OnWN	2012test	0684	4.750	Supply with a constant flow of some liquid,          for the purpose of cooling, cleansing, or disinfecting.	supply with a constant flow or sprinkling of some liquid, for the purpose of cooling, cleansing, or disinfecting.
surprise.OnWN	2012test	0685	4.750	apply a thin coating of paint/metal	apply a thin coating of paint, metal, etc., to.
surprise.OnWN	2012test	0686	4.250	disregard, fail to attend to	fail to attend to.
surprise.OnWN	2012test	0687	4.000	make a short, sharp sound	make a sharp sound.
surprise.OnWN	2012test	0688	4.750	connect or fasten into a chain by linking	connect or arrange into a chain by linking.
surprise.OnWN	2012test	0689	4.500	beat thoroughly in a competition or fight	beat thoroughly and conclusively in a competition or fight.
surprise.OnWN	2012test	0690	5.000	Look through a book or some other written    material (for information).	look through a book or other written material.
surprise.OnWN	2012test	0691	5.000	state of being active	the state of being active.
surprise.OnWN	2012test	0692	5.000	(theology) the act of deliving from sin or saving from evil.	(theology) the act of delivering from sin or saving from evil.
surprise.OnWN	2012test	0693	4.250	declare or make unfit or unsuitable	make unfit or unsuitable.
surprise.OnWN	2012test	0694	4.000	Cook on a hot surface using fat; cook in oil.	cook on a hot surface using fat.
surprise.OnWN	2012test	0695	4.500	Improve by pruning or polishing	improve or perfect by pruning or polishing.
surprise.OnWN	2012test	0696	4.500	An area that is central within some larger region.	an area that is approximately central within some larger region.
surprise.OnWN	2012test	0697	5.000	start suddenly, as if from fright	start suddenly, as from fright.
surprise.OnWN	2012test	0698	3.750	Be larger in number, quantity, power,          status, or importance, without personally having sovereign power.	be larger in number, quantity, power, status or importance.
surprise.OnWN	2012test	0699	5.000	Give oneself entirely to a specific person,    activity, or cause.	give entirely to a specific person, activity, or cause.
surprise.OnWN	2012test	0700	4.500	the finger next to the thumb, forefinger	the finger next to the thumb.
surprise.OnWN	2012test	0701	4.750	put up with something or someone (unpleasant)	put up with something or somebody unpleasant.
surprise.OnWN	2012test	0702	5.000	role or function of the head of a government department	the role of the head of a government department.
surprise.OnWN	2012test	0703	4.250	consider again, usually with a view to changing	consider again; give new consideration to; usually with a view to changing.
surprise.OnWN	2012test	0704	4.250	drive at an excessive or illegal velocity	travel at an excessive or illegal velocity.
surprise.OnWN	2012test	0705	5.000	an air force military unit, smaller than a squadron	an air force unit smaller than a squadron.
surprise.OnWN	2012test	0706	4.500	the act of giving someone a job, hiring someone	the act of giving someone a job.
surprise.OnWN	2012test	0707	3.500	the act of annoying someone or something	the act of troubling or annoying someone.
surprise.OnWN	2012test	0708	4.000	Droop, sink, or settle from or as if from          pressure or loss of tautness; become less intense.	droop, sink, or settle from or as if from pressure or loss of tautness.
surprise.OnWN	2012test	0709	5.000	Cite as an authority; resort to (as in an argument).	cite as an authority; resort to.
surprise.OnWN	2012test	0710	4.500	Allocate or dedicate; set aside or apart          for a specific purpose or use.	set aside or apart for a specific purpose or use.
surprise.OnWN	2012test	0711	5.000	make out of components (in an improvising manner)	make out of components (often in an improvising manner).
surprise.OnWN	2012test	0712	4.250	rehearse, learn by repetition	learn by repetition.
surprise.OnWN	2012test	0713	5.000	Intend something to move toward a certain goal	intend (something) to move towards a certain goal.
surprise.OnWN	2012test	0714	4.600	register formally as a participant	register formally as a participant or member.
surprise.OnWN	2012test	0715	5.000	write as if with print, not in cursive	write as if with print; not cursive.
surprise.OnWN	2012test	0716	4.400	shoot down birds	shoot down, of birds.
surprise.OnWN	2012test	0717	5.000	appoint to clerical posts	appoint to a clerical posts.
surprise.OnWN	2012test	0718	4.750	(Chemistry) Undergo sequestration by          forming a stable compound with an ion.	undergo sequestration by forming a stable compound with an ion.
surprise.OnWN	2012test	0719	5.000	Furnish with an opening to allow air to          circulate or gase to escape.	furnish with an opening to allow air to circulate or gas to escape.
surprise.OnWN	2012test	0720	5.000	Stand with arms or forelegs raised, as of menacing.	stand with arms or forelegs raised, as if menacing.
surprise.OnWN	2012test	0721	5.000	accounting period of 12 months	any accounting period of 12 months.
surprise.OnWN	2012test	0722	4.250	Convert the genetic information in a strand          of DNA into a strand of RNA.	convert the genetic information in (a strand of DNA) into a strand of RNA, especially messenger RNA.
surprise.OnWN	2012test	0723	4.750	give a thrashing to, beat	give a thrashing to; beat hard.
surprise.OnWN	2012test	0724	5.000	Immerse or be immersed in a boiling liquid,  for purposes of cooking or processing.	immerse or be immersed in a boiling liquid, often for cooking purposes.
surprise.OnWN	2012test	0725	5.000	Supply with water for crops, as with    channels, ditches, or streams.	supply with water, as with channels or ditches or streams.
surprise.OnWN	2012test	0726	4.250	The period of time during which a leasing contract is in effect.	the period of time during which a contract conveying property to a person is in effect.
surprise.OnWN	2012test	0727	4.250	Protect or strengthen with sandbags.	protect or strengthen with sandbags; stop up.
surprise.OnWN	2012test	0728	5.000	travel; make a tour of a place	make a tour of a certain place.
surprise.OnWN	2012test	0729	4.750	the political head of city government	the head of a city government.
surprise.OnWN	2012test	0730	3.250	pass the tongue over, take up with the tongue	take up with the tongue.
surprise.OnWN	2012test	0731	5.000	A city on the River Thames in Bershire, southern England	a city on the River Thames in Berkshire in southern England.
surprise.OnWN	2012test	0732	4.750	a chart or map showing the dimensions, movements or progress of something	a chart or map showing the movements or progress of an object.
surprise.OnWN	2012test	0733	4.750	Take away a vital or essential part of          something.	take away a vital or essential part of.
surprise.OnWN	2012test	0734	4.250	An imperfection; the quality of being inadequate or falling short.	the quality of being inadequate or falling short of perfection.
surprise.OnWN	2012test	0735	4.750	Pat or squeeze, especially under the chin.	pat or squeeze fondly or playfully, especially under the chin.
surprise.OnWN	2012test	0736	4.750	make up something fictional or untrue	make up something artificial or untrue.
surprise.OnWN	2012test	0737	4.250	the act of swallowing liquid	the act of swallowing.
surprise.OnWN	2012test	0738	4.500	have unlawful sex with a prostitute	have unlawful sex with a whore.
surprise.OnWN	2012test	0739	4.000	Reverse the winding or twisting of;  separate the tangles of.	reverse the winding or twisting of.
surprise.OnWN	2012test	0740	4.500	Reimburse or compensate (someone), as for a          loss or sacrifice.	reimburse or compensate (someone), as for a loss.
surprise.OnWN	2012test	0741	3.250	sharpen a razor with a strap	sharpen with a strap.
surprise.OnWN	2012test	0742	4.500	the longer telegraphic signal of Morse Code	the longer of the two telegraphic signals used in Morse code.
surprise.OnWN	2012test	0743	4.250	The part of the body between the neck and upper arm, or any of its subparts.	the part of the body between the neck and the upper arm.
surprise.OnWN	2012test	0744	4.500	Rain, hail, or snow hard and be very windy,    often with thunder and lightning; blow hard.	rain, hail, or snow hard and be very windy, often with thunder or lightning.
surprise.OnWN	2012test	0745	4.250	fill with high spirits	fill with high spirits; fill with optimism.
surprise.OnWN	2012test	0746	3.500	The release of pressure built up during a stop consonant.	the terminal forced release of pressure built up during the occlusive phase of a stop consonant.
surprise.OnWN	2012test	0747	4.500	(cause to) fall in drops	let or cause to fall in drops.
surprise.OnWN	2012test	0748	5.000	The status of being champion.	the status of being a champion.
surprise.OnWN	2012test	0749	3.750	Draw advantages from; take advantage.	draw advantages from.
